STRUCTURE,STRUCTURE_ID,ACTION,FREQ,FREQ_LABEL,REF_AREA,REF_AREA_LABEL,INDICATOR,INDICATOR_LABEL,SEX,SEX_LABEL,AGE,AGE_LABEL,URBANISATION,URBANISATION_LABEL,UNIT_MEASURE,UNIT_MEASURE_LABEL,COMP_BREAKDOWN_1,COMP_BREAKDOWN_1_LABEL,COMP_BREAKDOWN_2,COMP_BREAKDOWN_2_LABEL,COMP_BREAKDOWN_3,COMP_BREAKDOWN_3_LABEL,TIME_PERIOD,OBS_VALUE,DATABASE_ID,DATABASE_ID_LABEL,UNIT_MULT,UNIT_MULT_LABEL,UNIT_TYPE,UNIT_TYPE_LABEL,TIME_FORMAT,TIME_FORMAT_LABEL,COMMENT_OBS,OBS_STATUS,OBS_STATUS_LABEL,OBS_CONF,OBS_CONF_LABEL
datastructure,WB.DATA360:DS_DATA360(1.2),I,A,Annual,ALB,Albania,WEF_TTDI_HOMICIDERT,"Homicide cases per 100,000 pop",_T,Total,_T,All age ranges or no breakdown by age,_T,Total,NUMBER,Number,WEF_TTDI_VAL,Type: Value,_Z,Not Applicable,_Z,Not Applicable,2024,2.311968641,WEF_TTDI,Travel & Tourism Development Index (TTDI),0,Units,NUMBER,Number (real number),602,CCYY,,A,Normal value,PU,Public
datastructure,WB.DATA360:DS_DATA360(1.2),I,A,Annual,ALB,Albania,WEF_TTDI_HOMICIDERT,"Homicide cases per 100,000 pop",_T,Total,_T,All age ranges or no breakdown by age,_T,Total,NUMBER,Number,WEF_TTDI_VAL,Type: Value,_Z,Not Applicable,_Z,Not Applicable,2021,2.289492444,WEF_TTDI,Travel & Tourism Development Index (TTDI),0,Units,NUMBER,Number (real number),602,CCYY,,A,Normal value,PU,Public
datastructure,WB.DATA360:DS_DATA360(1.2),I,A,Annual,ALB,Albania,WEF_TTDI_HOMICIDERT,"Homicide cases per 100,000 pop",_T,Total,_T,All age ranges or no breakdown by age,_T,Total,NUMBER,Number,WEF_TTDI_VAL,Type: Value,_Z,Not Applicable,_Z,Not Applicable,2019,2.736947791,WEF_TTDI,Travel & Tourism Development Index (TTDI),0,Units,NUMBER,Number (real number),602,CCYY,,A,Normal value,PU,Public
datastructure,WB.DATA360:DS_DATA360(1.2),I,A,Annual,DZA,Algeria,WEF_TTDI_HOMICIDERT,"Homicide cases per 100,000 pop",_T,Total,_T,All age ranges or no breakdown by age,_T,Total,NUMBER,Number,WEF_TTDI_VAL,Type: Value,_Z,Not Applicable,_Z,Not Applicable,2024,1.573182343,WEF_TTDI,Travel & Tourism Development Index (TTDI),0,Units,NUMBER,Number (real number),602,CCYY,,A,Normal value,PU,Public
datastructure,WB.DATA360:DS_DATA360(1.2),I,A,Annual,DZA,Algeria,WEF_TTDI_HOMICIDERT,"Homicide cases per 100,000 pop",_T,Total,_T,All age ranges or no breakdown by age,_T,Total,NUMBER,Number,WEF_TTDI_VAL,Type: Value,_Z,Not Applicable,_Z,Not Applicable,2021,1.364276397,WEF_TTDI,Travel & Tourism Development Index (TTDI),0,Units,NUMBER,Number (real number),602,CCYY,,A,Normal value,PU,Public
datastructure,WB.DATA360:DS_DATA360(1.2),I,A,Annual,DZA,Algeria,WEF_TTDI_HOMICIDERT,"Homicide cases per 100,000 pop",_T,Total,_T,All age ranges or no breakdown by age,_T,Total,NUMBER,Number,WEF_TTDI_VAL,Type: Value,_Z,Not Applicable,_Z,Not Applicable,2019,1.364276397,WEF_TTDI,Travel & Tourism Development Index (TTDI),0,Units,NUMBER,Number (real number),602,CCYY,,A,Normal value,PU,Public
datastructure,WB.DATA360:DS_DATA360(1.2),I,A,Annual,AGO,Angola,WEF_TTDI_HOMICIDERT,"Homicide cases per 100,000 pop",_T,Total,_T,All age ranges or no breakdown by age,_T,Total,NUMBER,Number,WEF_TTDI_VAL,Type: Value,_Z,Not Applicable,_Z,Not Applicable,2024,4.102248123,WEF_TTDI,Travel & Tourism Development Index (TTDI),0,Units,NUMBER,Number (real number),602,CCYY,,A,Normal value,PU,Public
datastructure,WB.DATA360:DS_DATA360(1.2),I,A,Annual,AGO,Angola,WEF_TTDI_HOMICIDERT,"Homicide cases per 100,000 pop",_T,Total,_T,All age ranges or no breakdown by age,_T,Total,NUMBER,Number,WEF_TTDI_VAL,Type: Value,_Z,Not Applicable,_Z,Not Applicable,2021,4.847075177,WEF_TTDI,Travel & Tourism Development Index (TTDI),0,Units,NUMBER,Number (real number),602,CCYY,,A,Normal value,PU,Public
datastructure,WB.DATA360:DS_DATA360(1.2),I,A,Annual,AGO,Angola,WEF_TTDI_HOMICIDERT,"Homicide cases per 100,000 pop",_T,Total,_T,All age ranges or no breakdown by age,_T,Total,NUMBER,Number,WEF_TTDI_VAL,Type: Value,_Z,Not Applicable,_Z,Not Applicable,2019,4.847075177,WEF_TTDI,Travel & Tourism Development Index (TTDI),0,Units,NUMBER,Number (real number),602,CCYY,,A,Normal value,PU,Public
datastructure,WB.DATA360:DS_DATA360(1.2),I,A,Annual,ARG,Argentina,WEF_TTDI_HOMICIDERT,"Homicide cases per 100,000 pop",_T,Total,_T,All age ranges or no breakdown by age,_T,Total,NUMBER,Number,WEF_TTDI_VAL,Type: Value,_Z,Not Applicable,_Z,Not Applicable,2024,4.622678556,WEF_TTDI,Travel & Tourism Development Index (TTDI),0,Units,NUMBER,Number (real number),602,CCYY,,A,Normal value,PU,Public
datastructure,WB.DATA360:DS_DATA360(1.2),I,A,Annual,ARG,Argentina,WEF_TTDI_HOMICIDERT,"Homicide cases per 100,000 pop",_T,Total,_T,All age ranges or no breakdown by age,_T,Total,NUMBER,Number,WEF_TTDI_VAL,Type: Value,_Z,Not Applicable,_Z,Not Applicable,2021,5.324478739,WEF_TTDI,Travel & Tourism Development Index (TTDI),0,Units,NUMBER,Number (real number),602,CCYY,,A,Normal value,PU,Public
datastructure,WB.DATA360:DS_DATA360(1.2),I,A,Annual,ARG,Argentina,WEF_TTDI_HOMICIDERT,"Homicide cases per 100,000 pop",_T,Total,_T,All age ranges or no breakdown by age,_T,Total,NUMBER,Number,WEF_TTDI_VAL,Type: Value,_Z,Not Applicable,_Z,Not Applicable,2019,6.033309523,WEF_TTDI,Travel & Tourism Development Index (TTDI),0,Units,NUMBER,Number (real number),602,CCYY,,A,Normal value,PU,Public
datastructure,WB.DATA360:DS_DATA360(1.2),I,A,Annual,ARM,Armenia,WEF_TTDI_HOMICIDERT,"Homicide cases per 100,000 pop",_T,Total,_T,All age ranges or no breakdown by age,_T,Total,NUMBER,Number,WEF_TTDI_VAL,Type: Value,_Z,Not Applicable,_Z,Not Applicable,2024,2.185617312,WEF_TTDI,Travel & Tourism Development Index (TTDI),0,Units,NUMBER,Number (real number),602,CCYY,,A,Normal value,PU,Public
datastructure,WB.DATA360:DS_DATA360(1.2),I,A,Annual,ARM,Armenia,WEF_TTDI_HOMICIDERT,"Homicide cases per 100,000 pop",_T,Total,_T,All age ranges or no breakdown by age,_T,Total,NUMBER,Number,WEF_TTDI_VAL,Type: Value,_Z,Not Applicable,_Z,Not Applicable,2021,1.693915557,WEF_TTDI,Travel & Tourism Development Index (TTDI),0,Units,NUMBER,Number (real number),602,CCYY,,A,Normal value,PU,Public
datastructure,WB.DATA360:DS_DATA360(1.2),I,A,Annual,ARM,Armenia,WEF_TTDI_HOMICIDERT,"Homicide cases per 100,000 pop",_T,Total,_T,All age ranges or no breakdown by age,_T,Total,NUMBER,Number,WEF_TTDI_VAL,Type: Value,_Z,Not Applicable,_Z,Not Applicable,2019,2.963066904,WEF_TTDI,Travel & Tourism Development Index (TTDI),0,Units,NUMBER,Number (real number),602,CCYY,,A,Normal value,PU,Public
datastructure,WB.DATA360:DS_DATA360(1.2),I,A,Annual,AUS,Australia,WEF_TTDI_HOMICIDERT,"Homicide cases per 100,000 pop",_T,Total,_T,All age ranges or no breakdown by age,_T,Total,NUMBER,Number,WEF_TTDI_VAL,Type: Value,_Z,Not Applicable,_Z,Not Applicable,2024,0.7445674833,WEF_TTDI,Travel & Tourism Development Index (TTDI),0,Units,NUMBER,Number (real number),602,CCYY,,A,Normal value,PU,Public
datastructure,WB.DATA360:DS_DATA360(1.2),I,A,Annual,AUS,Australia,WEF_TTDI_HOMICIDERT,"Homicide cases per 100,000 pop",_T,Total,_T,All age ranges or no breakdown by age,_T,Total,NUMBER,Number,WEF_TTDI_VAL,Type: Value,_Z,Not Applicable,_Z,Not Applicable,2021,0.891632403,WEF_TTDI,Travel & Tourism Development Index (TTDI),0,Units,NUMBER,Number (real number),602,CCYY,,A,Normal value,PU,Public
datastructure,WB.DATA360:DS_DATA360(1.2),I,A,Annual,AUS,Australia,WEF_TTDI_HOMICIDERT,"Homicide cases per 100,000 pop",_T,Total,_T,All age ranges or no breakdown by age,_T,Total,NUMBER,Number,WEF_TTDI_VAL,Type: Value,_Z,Not Applicable,_Z,Not Applicable,2019,0.935592108,WEF_TTDI,Travel & Tourism Development Index (TTDI),0,Units,NUMBER,Number (real number),602,CCYY,,A,Normal value,PU,Public
datastructure,WB.DATA360:DS_DATA360(1.2),I,A,Annual,AUT,Austria,WEF_TTDI_HOMICIDERT,"Homicide cases per 100,000 pop",_T,Total,_T,All age ranges or no breakdown by age,_T,Total,NUMBER,Number,WEF_TTDI_VAL,Type: Value,_Z,Not Applicable,_Z,Not Applicable,2024,0.7285295069,WEF_TTDI,Travel & Tourism Development Index (TTDI),0,Units,NUMBER,Number (real number),602,CCYY,,A,Normal value,PU,Public
datastructure,WB.DATA360:DS_DATA360(1.2),I,A,Annual,AUT,Austria,WEF_TTDI_HOMICIDERT,"Homicide cases per 100,000 pop",_T,Total,_T,All age ranges or no breakdown by age,_T,Total,NUMBER,Number,WEF_TTDI_VAL,Type: Value,_Z,Not Applicable,_Z,Not Applicable,2021,0.967228608,WEF_TTDI,Travel & Tourism Development Index (TTDI),0,Units,NUMBER,Number (real number),602,CCYY,,A,Normal value,PU,Public
datastructure,WB.DATA360:DS_DATA360(1.2),I,A,Annual,AUT,Austria,WEF_TTDI_HOMICIDERT,"Homicide cases per 100,000 pop",_T,Total,_T,All age ranges or no breakdown by age,_T,Total,NUMBER,Number,WEF_TTDI_VAL,Type: Value,_Z,Not Applicable,_Z,Not Applicable,2019,0.651629199,WEF_TTDI,Travel & Tourism Development Index (TTDI),0,Units,NUMBER,Number (real number),602,CCYY,,A,Normal value,PU,Public
datastructure,WB.DATA360:DS_DATA360(1.2),I,A,Annual,AZE,Azerbaijan,WEF_TTDI_HOMICIDERT,"Homicide cases per 100,000 pop",_T,Total,_T,All age ranges or no breakdown by age,_T,Total,NUMBER,Number,WEF_TTDI_VAL,Type: Value,_Z,Not Applicable,_Z,Not Applicable,2024,1.910211896,WEF_TTDI,Travel & Tourism Development Index (TTDI),0,Units,NUMBER,Number (real number),602,CCYY,,A,Normal value,PU,Public
datastructure,WB.DATA360:DS_DATA360(1.2),I,A,Annual,AZE,Azerbaijan,WEF_TTDI_HOMICIDERT,"Homicide cases per 100,000 pop",_T,Total,_T,All age ranges or no breakdown by age,_T,Total,NUMBER,Number,WEF_TTDI_VAL,Type: Value,_Z,Not Applicable,_Z,Not Applicable,2021,2.201107449,WEF_TTDI,Travel & Tourism Development Index (TTDI),0,Units,NUMBER,Number (real number),602,CCYY,,A,Normal value,PU,Public
datastructure,WB.DATA360:DS_DATA360(1.2),I,A,Annual,AZE,Azerbaijan,WEF_TTDI_HOMICIDERT,"Homicide cases per 100,000 pop",_T,Total,_T,All age ranges or no breakdown by age,_T,Total,NUMBER,Number,WEF_TTDI_VAL,Type: Value,_Z,Not Applicable,_Z,Not Applicable,2019,2.136391989,WEF_TTDI,Travel & Tourism Development Index (TTDI),0,Units,NUMBER,Number (real number),602,CCYY,,A,Normal value,PU,Public
datastructure,WB.DATA360:DS_DATA360(1.2),I,A,Annual,BHR,Bahrain,WEF_TTDI_HOMICIDERT,"Homicide cases per 100,000 pop",_T,Total,_T,All age ranges or no breakdown by age,_T,Total,NUMBER,Number,WEF_TTDI_VAL,Type: Value,_Z,Not Applicable,_Z,Not Applicable,2024,0.06834029778,WEF_TTDI,Travel & Tourism Development Index (TTDI),0,Units,NUMBER,Number (real number),602,CCYY,,A,Normal value,PU,Public
datastructure,WB.DATA360:DS_DATA360(1.2),I,A,Annual,BHR,Bahrain,WEF_TTDI_HOMICIDERT,"Homicide cases per 100,000 pop",_T,Total,_T,All age ranges or no breakdown by age,_T,Total,NUMBER,Number,WEF_TTDI_VAL,Type: Value,_Z,Not Applicable,_Z,Not Applicable,2021,0.523923468,WEF_TTDI,Travel & Tourism Development Index (TTDI),0,Units,NUMBER,Number (real number),602,CCYY,,A,Normal value,PU,Public
datastructure,WB.DATA360:DS_DATA360(1.2),I,A,Annual,BHR,Bahrain,WEF_TTDI_HOMICIDERT,"Homicide cases per 100,000 pop",_T,Total,_T,All age ranges or no breakdown by age,_T,Total,NUMBER,Number,WEF_TTDI_VAL,Type: Value,_Z,Not Applicable,_Z,Not Applicable,2019,0.523923468,WEF_TTDI,Travel & Tourism Development Index (TTDI),0,Units,NUMBER,Number (real number),602,CCYY,,A,Normal value,PU,Public
datastructure,WB.DATA360:DS_DATA360(1.2),I,A,Annual,BGD,Bangladesh,WEF_TTDI_HOMICIDERT,"Homicide cases per 100,000 pop",_T,Total,_T,All age ranges or no breakdown by age,_T,Total,NUMBER,Number,WEF_TTDI_VAL,Type: Value,_Z,Not Applicable,_Z,Not Applicable,2024,2.339874993,WEF_TTDI,Travel & Tourism Development Index (TTDI),0,Units,NUMBER,Number (real number),602,CCYY,,A,Normal value,PU,Public
datastructure,WB.DATA360:DS_DATA360(1.2),I,A,Annual,BGD,Bangladesh,WEF_TTDI_HOMICIDERT,"Homicide cases per 100,000 pop",_T,Total,_T,All age ranges or no breakdown by age,_T,Total,NUMBER,Number,WEF_TTDI_VAL,Type: Value,_Z,Not Applicable,_Z,Not Applicable,2021,2.373328796,WEF_TTDI,Travel & Tourism Development Index (TTDI),0,Units,NUMBER,Number (real number),602,CCYY,,A,Normal value,PU,Public
datastructure,WB.DATA360:DS_DATA360(1.2),I,A,Annual,BGD,Bangladesh,WEF_TTDI_HOMICIDERT,"Homicide cases per 100,000 pop",_T,Total,_T,All age ranges or no breakdown by age,_T,Total,NUMBER,Number,WEF_TTDI_VAL,Type: Value,_Z,Not Applicable,_Z,Not Applicable,2019,2.273113534,WEF_TTDI,Travel & Tourism Development Index (TTDI),0,Units,NUMBER,Number (real number),602,CCYY,,A,Normal value,PU,Public
datastructure,WB.DATA360:DS_DATA360(1.2),I,A,Annual,BRB,Barbados,WEF_TTDI_HOMICIDERT,"Homicide cases per 100,000 pop",_T,Total,_T,All age ranges or no breakdown by age,_T,Total,NUMBER,Number,WEF_TTDI_VAL,Type: Value,_Z,Not Applicable,_Z,Not Applicable,2024,11.37982109,WEF_TTDI,Travel & Tourism Development Index (TTDI),0,Units,NUMBER,Number (real number),602,CCYY,,A,Normal value,PU,Public
datastructure,WB.DATA360:DS_DATA360(1.2),I,A,Annual,BRB,Barbados,WEF_TTDI_HOMICIDERT,"Homicide cases per 100,000 pop",_T,Total,_T,All age ranges or no breakdown by age,_T,Total,NUMBER,Number,WEF_TTDI_VAL,Type: Value,_Z,Not Applicable,_Z,Not Applicable,2021,9.768350544,WEF_TTDI,Travel & Tourism Development Index (TTDI),0,Units,NUMBER,Number (real number),602,CCYY,,A,Normal value,PU,Public
datastructure,WB.DATA360:DS_DATA360(1.2),I,A,Annual,BRB,Barbados,WEF_TTDI_HOMICIDERT,"Homicide cases per 100,000 pop",_T,Total,_T,All age ranges or no breakdown by age,_T,Total,NUMBER,Number,WEF_TTDI_VAL,Type: Value,_Z,Not Applicable,_Z,Not Applicable,2019,7.697744561,WEF_TTDI,Travel & Tourism Development Index (TTDI),0,Units,NUMBER,Number (real number),602,CCYY,,A,Normal value,PU,Public
datastructure,WB.DATA360:DS_DATA360(1.2),I,A,Annual,BEL,Belgium,WEF_TTDI_HOMICIDERT,"Homicide cases per 100,000 pop",_T,Total,_T,All age ranges or no breakdown by age,_T,Total,NUMBER,Number,WEF_TTDI_VAL,Type: Value,_Z,Not Applicable,_Z,Not Applicable,2024,1.076526432,WEF_TTDI,Travel & Tourism Development Index (TTDI),0,Units,NUMBER,Number (real number),602,CCYY,,A,Normal value,PU,Public
datastructure,WB.DATA360:DS_DATA360(1.2),I,A,Annual,BEL,Belgium,WEF_TTDI_HOMICIDERT,"Homicide cases per 100,000 pop",_T,Total,_T,All age ranges or no breakdown by age,_T,Total,NUMBER,Number,WEF_TTDI_VAL,Type: Value,_Z,Not Applicable,_Z,Not Applicable,2021,1.690054215,WEF_TTDI,Travel & Tourism Development Index (TTDI),0,Units,NUMBER,Number (real number),602,CCYY,,A,Normal value,PU,Public
datastructure,WB.DATA360:DS_DATA360(1.2),I,A,Annual,BEL,Belgium,WEF_TTDI_HOMICIDERT,"Homicide cases per 100,000 pop",_T,Total,_T,All age ranges or no breakdown by age,_T,Total,NUMBER,Number,WEF_TTDI_VAL,Type: Value,_Z,Not Applicable,_Z,Not Applicable,2019,1.532444627,WEF_TTDI,Travel & Tourism Development Index (TTDI),0,Units,NUMBER,Number (real number),602,CCYY,,A,Normal value,PU,Public
datastructure,WB.DATA360:DS_DATA360(1.2),I,A,Annual,BEN,Benin,WEF_TTDI_HOMICIDERT,"Homicide cases per 100,000 pop",_T,Total,_T,All age ranges or no breakdown by age,_T,Total,NUMBER,Number,WEF_TTDI_VAL,Type: Value,_Z,Not Applicable,_Z,Not Applicable,2024,6.15,WEF_TTDI,Travel & Tourism Development Index (TTDI),0,Units,NUMBER,Number (real number),602,CCYY,,A,Normal value,PU,Public
datastructure,WB.DATA360:DS_DATA360(1.2),I,A,Annual,BEN,Benin,WEF_TTDI_HOMICIDERT,"Homicide cases per 100,000 pop",_T,Total,_T,All age ranges or no breakdown by age,_T,Total,NUMBER,Number,WEF_TTDI_VAL,Type: Value,_Z,Not Applicable,_Z,Not Applicable,2021,1.127497407,WEF_TTDI,Travel & Tourism Development Index (TTDI),0,Units,NUMBER,Number (real number),602,CCYY,,A,Normal value,PU,Public
datastructure,WB.DATA360:DS_DATA360(1.2),I,A,Annual,BEN,Benin,WEF_TTDI_HOMICIDERT,"Homicide cases per 100,000 pop",_T,Total,_T,All age ranges or no breakdown by age,_T,Total,NUMBER,Number,WEF_TTDI_VAL,Type: Value,_Z,Not Applicable,_Z,Not Applicable,2019,1.127497407,WEF_TTDI,Travel & Tourism Development Index (TTDI),0,Units,NUMBER,Number (real number),602,CCYY,,A,Normal value,PU,Public
datastructure,WB.DATA360:DS_DATA360(1.2),I,A,Annual,BOL,Bolivia,WEF_TTDI_HOMICIDERT,"Homicide cases per 100,000 pop",_T,Total,_T,All age ranges or no breakdown by age,_T,Total,NUMBER,Number,WEF_TTDI_VAL,Type: Value,_Z,Not Applicable,_Z,Not Applicable,2024,3.493530181,WEF_TTDI,Travel & Tourism Development Index (TTDI),0,Units,NUMBER,Number (real number),602,CCYY,,A,Normal value,PU,Public
datastructure,WB.DATA360:DS_DATA360(1.2),I,A,Annual,BOL,Bolivia,WEF_TTDI_HOMICIDERT,"Homicide cases per 100,000 pop",_T,Total,_T,All age ranges or no breakdown by age,_T,Total,NUMBER,Number,WEF_TTDI_VAL,Type: Value,_Z,Not Applicable,_Z,Not Applicable,2021,6.218374444,WEF_TTDI,Travel & Tourism Development Index (TTDI),0,Units,NUMBER,Number (real number),602,CCYY,,A,Normal value,PU,Public
datastructure,WB.DATA360:DS_DATA360(1.2),I,A,Annual,BOL,Bolivia,WEF_TTDI_HOMICIDERT,"Homicide cases per 100,000 pop",_T,Total,_T,All age ranges or no breakdown by age,_T,Total,NUMBER,Number,WEF_TTDI_VAL,Type: Value,_Z,Not Applicable,_Z,Not Applicable,2019,6.218374444,WEF_TTDI,Travel & Tourism Development Index (TTDI),0,Units,NUMBER,Number (real number),602,CCYY,,A,Normal value,PU,Public
datastructure,WB.DATA360:DS_DATA360(1.2),I,A,Annual,BIH,Bosnia and Herzegovina,WEF_TTDI_HOMICIDERT,"Homicide cases per 100,000 pop",_T,Total,_T,All age ranges or no breakdown by age,_T,Total,NUMBER,Number,WEF_TTDI_VAL,Type: Value,_Z,Not Applicable,_Z,Not Applicable,2024,0.9783111476,WEF_TTDI,Travel & Tourism Development Index (TTDI),0,Units,NUMBER,Number (real number),602,CCYY,,A,Normal value,PU,Public
datastructure,WB.DATA360:DS_DATA360(1.2),I,A,Annual,BIH,Bosnia and Herzegovina,WEF_TTDI_HOMICIDERT,"Homicide cases per 100,000 pop",_T,Total,_T,All age ranges or no breakdown by age,_T,Total,NUMBER,Number,WEF_TTDI_VAL,Type: Value,_Z,Not Applicable,_Z,Not Applicable,2021,1.17331026,WEF_TTDI,Travel & Tourism Development Index (TTDI),0,Units,NUMBER,Number (real number),602,CCYY,,A,Normal value,PU,Public
datastructure,WB.DATA360:DS_DATA360(1.2),I,A,Annual,BIH,Bosnia and Herzegovina,WEF_TTDI_HOMICIDERT,"Homicide cases per 100,000 pop",_T,Total,_T,All age ranges or no breakdown by age,_T,Total,NUMBER,Number,WEF_TTDI_VAL,Type: Value,_Z,Not Applicable,_Z,Not Applicable,2019,1.328898553,WEF_TTDI,Travel & Tourism Development Index (TTDI),0,Units,NUMBER,Number (real number),602,CCYY,,A,Normal value,PU,Public
datastructure,WB.DATA360:DS_DATA360(1.2),I,A,Annual,BWA,Botswana,WEF_TTDI_HOMICIDERT,"Homicide cases per 100,000 pop",_T,Total,_T,All age ranges or no breakdown by age,_T,Total,NUMBER,Number,WEF_TTDI_VAL,Type: Value,_Z,Not Applicable,_Z,Not Applicable,2024,10.54696238,WEF_TTDI,Travel & Tourism Development Index (TTDI),0,Units,NUMBER,Number (real number),602,CCYY,,A,Normal value,PU,Public
datastructure,WB.DATA360:DS_DATA360(1.2),I,A,Annual,BWA,Botswana,WEF_TTDI_HOMICIDERT,"Homicide cases per 100,000 pop",_T,Total,_T,All age ranges or no breakdown by age,_T,Total,NUMBER,Number,WEF_TTDI_VAL,Type: Value,_Z,Not Applicable,_Z,Not Applicable,2021,15.24830583,WEF_TTDI,Travel & Tourism Development Index (TTDI),0,Units,NUMBER,Number (real number),602,CCYY,,A,Normal value,PU,Public
datastructure,WB.DATA360:DS_DATA360(1.2),I,A,Annual,BWA,Botswana,WEF_TTDI_HOMICIDERT,"Homicide cases per 100,000 pop",_T,Total,_T,All age ranges or no breakdown by age,_T,Total,NUMBER,Number,WEF_TTDI_VAL,Type: Value,_Z,Not Applicable,_Z,Not Applicable,2019,15.24830583,WEF_TTDI,Travel & Tourism Development Index (TTDI),0,Units,NUMBER,Number (real number),602,CCYY,,A,Normal value,PU,Public
datastructure,WB.DATA360:DS_DATA360(1.2),I,A,Annual,BRA,Brazil,WEF_TTDI_HOMICIDERT,"Homicide cases per 100,000 pop",_T,Total,_T,All age ranges or no breakdown by age,_T,Total,NUMBER,Number,WEF_TTDI_VAL,Type: Value,_Z,Not Applicable,_Z,Not Applicable,2024,22.3840654,WEF_TTDI,Travel & Tourism Development Index (TTDI),0,Units,NUMBER,Number (real number),602,CCYY,,A,Normal value,PU,Public
datastructure,WB.DATA360:DS_DATA360(1.2),I,A,Annual,BRA,Brazil,WEF_TTDI_HOMICIDERT,"Homicide cases per 100,000 pop",_T,Total,_T,All age ranges or no breakdown by age,_T,Total,NUMBER,Number,WEF_TTDI_VAL,Type: Value,_Z,Not Applicable,_Z,Not Applicable,2021,27.38253029,WEF_TTDI,Travel & Tourism Development Index (TTDI),0,Units,NUMBER,Number (real number),602,CCYY,,A,Normal value,PU,Public
datastructure,WB.DATA360:DS_DATA360(1.2),I,A,Annual,BRA,Brazil,WEF_TTDI_HOMICIDERT,"Homicide cases per 100,000 pop",_T,Total,_T,All age ranges or no breakdown by age,_T,Total,NUMBER,Number,WEF_TTDI_VAL,Type: Value,_Z,Not Applicable,_Z,Not Applicable,2019,29.87780701,WEF_TTDI,Travel & Tourism Development Index (TTDI),0,Units,NUMBER,Number (real number),602,CCYY,,A,Normal value,PU,Public
datastructure,WB.DATA360:DS_DATA360(1.2),I,A,Annual,BGR,Bulgaria,WEF_TTDI_HOMICIDERT,"Homicide cases per 100,000 pop",_T,Total,_T,All age ranges or no breakdown by age,_T,Total,NUMBER,Number,WEF_TTDI_VAL,Type: Value,_Z,Not Applicable,_Z,Not Applicable,2024,1.277979862,WEF_TTDI,Travel & Tourism Development Index (TTDI),0,Units,NUMBER,Number (real number),602,CCYY,,A,Normal value,PU,Public
datastructure,WB.DATA360:DS_DATA360(1.2),I,A,Annual,BGR,Bulgaria,WEF_TTDI_HOMICIDERT,"Homicide cases per 100,000 pop",_T,Total,_T,All age ranges or no breakdown by age,_T,Total,NUMBER,Number,WEF_TTDI_VAL,Type: Value,_Z,Not Applicable,_Z,Not Applicable,2021,1.304666594,WEF_TTDI,Travel & Tourism Development Index (TTDI),0,Units,NUMBER,Number (real number),602,CCYY,,A,Normal value,PU,Public
datastructure,WB.DATA360:DS_DATA360(1.2),I,A,Annual,BGR,Bulgaria,WEF_TTDI_HOMICIDERT,"Homicide cases per 100,000 pop",_T,Total,_T,All age ranges or no breakdown by age,_T,Total,NUMBER,Number,WEF_TTDI_VAL,Type: Value,_Z,Not Applicable,_Z,Not Applicable,2019,1.104594161,WEF_TTDI,Travel & Tourism Development Index (TTDI),0,Units,NUMBER,Number (real number),602,CCYY,,A,Normal value,PU,Public
datastructure,WB.DATA360:DS_DATA360(1.2),I,A,Annual,KHM,Cambodia,WEF_TTDI_HOMICIDERT,"Homicide cases per 100,000 pop",_T,Total,_T,All age ranges or no breakdown by age,_T,Total,NUMBER,Number,WEF_TTDI_VAL,Type: Value,_Z,Not Applicable,_Z,Not Applicable,2024,2.1,WEF_TTDI,Travel & Tourism Development Index (TTDI),0,Units,NUMBER,Number (real number),602,CCYY,,A,Normal value,PU,Public
datastructure,WB.DATA360:DS_DATA360(1.2),I,A,Annual,KHM,Cambodia,WEF_TTDI_HOMICIDERT,"Homicide cases per 100,000 pop",_T,Total,_T,All age ranges or no breakdown by age,_T,Total,NUMBER,Number,WEF_TTDI_VAL,Type: Value,_Z,Not Applicable,_Z,Not Applicable,2021,1.843011079,WEF_TTDI,Travel & Tourism Development Index (TTDI),0,Units,NUMBER,Number (real number),602,CCYY,,A,Normal value,PU,Public
datastructure,WB.DATA360:DS_DATA360(1.2),I,A,Annual,KHM,Cambodia,WEF_TTDI_HOMICIDERT,"Homicide cases per 100,000 pop",_T,Total,_T,All age ranges or no breakdown by age,_T,Total,NUMBER,Number,WEF_TTDI_VAL,Type: Value,_Z,Not Applicable,_Z,Not Applicable,2019,1.843011079,WEF_TTDI,Travel & Tourism Development Index (TTDI),0,Units,NUMBER,Number (real number),602,CCYY,,A,Normal value,PU,Public
datastructure,WB.DATA360:DS_DATA360(1.2),I,A,Annual,CMR,Cameroon,WEF_TTDI_HOMICIDERT,"Homicide cases per 100,000 pop",_T,Total,_T,All age ranges or no breakdown by age,_T,Total,NUMBER,Number,WEF_TTDI_VAL,Type: Value,_Z,Not Applicable,_Z,Not Applicable,2024,4.537375241,WEF_TTDI,Travel & Tourism Development Index (TTDI),0,Units,NUMBER,Number (real number),602,CCYY,,A,Normal value,PU,Public
datastructure,WB.DATA360:DS_DATA360(1.2),I,A,Annual,CMR,Cameroon,WEF_TTDI_HOMICIDERT,"Homicide cases per 100,000 pop",_T,Total,_T,All age ranges or no breakdown by age,_T,Total,NUMBER,Number,WEF_TTDI_VAL,Type: Value,_Z,Not Applicable,_Z,Not Applicable,2021,1.388093415,WEF_TTDI,Travel & Tourism Development Index (TTDI),0,Units,NUMBER,Number (real number),602,CCYY,,A,Normal value,PU,Public
datastructure,WB.DATA360:DS_DATA360(1.2),I,A,Annual,CMR,Cameroon,WEF_TTDI_HOMICIDERT,"Homicide cases per 100,000 pop",_T,Total,_T,All age ranges or no breakdown by age,_T,Total,NUMBER,Number,WEF_TTDI_VAL,Type: Value,_Z,Not Applicable,_Z,Not Applicable,2019,1.153530332,WEF_TTDI,Travel & Tourism Development Index (TTDI),0,Units,NUMBER,Number (real number),602,CCYY,,A,Normal value,PU,Public
datastructure,WB.DATA360:DS_DATA360(1.2),I,A,Annual,CAN,Canada,WEF_TTDI_HOMICIDERT,"Homicide cases per 100,000 pop",_T,Total,_T,All age ranges or no breakdown by age,_T,Total,NUMBER,Number,WEF_TTDI_VAL,Type: Value,_Z,Not Applicable,_Z,Not Applicable,2024,2.065259474,WEF_TTDI,Travel & Tourism Development Index (TTDI),0,Units,NUMBER,Number (real number),602,CCYY,,A,Normal value,PU,Public
datastructure,WB.DATA360:DS_DATA360(1.2),I,A,Annual,CAN,Canada,WEF_TTDI_HOMICIDERT,"Homicide cases per 100,000 pop",_T,Total,_T,All age ranges or no breakdown by age,_T,Total,NUMBER,Number,WEF_TTDI_VAL,Type: Value,_Z,Not Applicable,_Z,Not Applicable,2021,1.755921136,WEF_TTDI,Travel & Tourism Development Index (TTDI),0,Units,NUMBER,Number (real number),602,CCYY,,A,Normal value,PU,Public
datastructure,WB.DATA360:DS_DATA360(1.2),I,A,Annual,CAN,Canada,WEF_TTDI_HOMICIDERT,"Homicide cases per 100,000 pop",_T,Total,_T,All age ranges or no breakdown by age,_T,Total,NUMBER,Number,WEF_TTDI_VAL,Type: Value,_Z,Not Applicable,_Z,Not Applicable,2019,1.682106961,WEF_TTDI,Travel & Tourism Development Index (TTDI),0,Units,NUMBER,Number (real number),602,CCYY,,A,Normal value,PU,Public
datastructure,WB.DATA360:DS_DATA360(1.2),I,A,Annual,CHL,Chile,WEF_TTDI_HOMICIDERT,"Homicide cases per 100,000 pop",_T,Total,_T,All age ranges or no breakdown by age,_T,Total,NUMBER,Number,WEF_TTDI_VAL,Type: Value,_Z,Not Applicable,_Z,Not Applicable,2024,3.632038675,WEF_TTDI,Travel & Tourism Development Index (TTDI),0,Units,NUMBER,Number (real number),602,CCYY,,A,Normal value,PU,Public
datastructure,WB.DATA360:DS_DATA360(1.2),I,A,Annual,CHL,Chile,WEF_TTDI_HOMICIDERT,"Homicide cases per 100,000 pop",_T,Total,_T,All age ranges or no breakdown by age,_T,Total,NUMBER,Number,WEF_TTDI_VAL,Type: Value,_Z,Not Applicable,_Z,Not Applicable,2021,4.404894484,WEF_TTDI,Travel & Tourism Development Index (TTDI),0,Units,NUMBER,Number (real number),602,CCYY,,A,Normal value,PU,Public
datastructure,WB.DATA360:DS_DATA360(1.2),I,A,Annual,CHL,Chile,WEF_TTDI_HOMICIDERT,"Homicide cases per 100,000 pop",_T,Total,_T,All age ranges or no breakdown by age,_T,Total,NUMBER,Number,WEF_TTDI_VAL,Type: Value,_Z,Not Applicable,_Z,Not Applicable,2019,3.360962052,WEF_TTDI,Travel & Tourism Development Index (TTDI),0,Units,NUMBER,Number (real number),602,CCYY,,A,Normal value,PU,Public
datastructure,WB.DATA360:DS_DATA360(1.2),I,A,Annual,CHN,China,WEF_TTDI_HOMICIDERT,"Homicide cases per 100,000 pop",_T,Total,_T,All age ranges or no breakdown by age,_T,Total,NUMBER,Number,WEF_TTDI_VAL,Type: Value,_Z,Not Applicable,_Z,Not Applicable,2024,0.5022703642,WEF_TTDI,Travel & Tourism Development Index (TTDI),0,Units,NUMBER,Number (real number),602,CCYY,,A,Normal value,PU,Public
datastructure,WB.DATA360:DS_DATA360(1.2),I,A,Annual,CHN,China,WEF_TTDI_HOMICIDERT,"Homicide cases per 100,000 pop",_T,Total,_T,All age ranges or no breakdown by age,_T,Total,NUMBER,Number,WEF_TTDI_VAL,Type: Value,_Z,Not Applicable,_Z,Not Applicable,2021,0.527090789,WEF_TTDI,Travel & Tourism Development Index (TTDI),0,Units,NUMBER,Number (real number),602,CCYY,,A,Normal value,PU,Public
datastructure,WB.DATA360:DS_DATA360(1.2),I,A,Annual,CHN,China,WEF_TTDI_HOMICIDERT,"Homicide cases per 100,000 pop",_T,Total,_T,All age ranges or no breakdown by age,_T,Total,NUMBER,Number,WEF_TTDI_VAL,Type: Value,_Z,Not Applicable,_Z,Not Applicable,2019,0.610586892,WEF_TTDI,Travel & Tourism Development Index (TTDI),0,Units,NUMBER,Number (real number),602,CCYY,,A,Normal value,PU,Public
datastructure,WB.DATA360:DS_DATA360(1.2),I,A,Annual,COL,Colombia,WEF_TTDI_HOMICIDERT,"Homicide cases per 100,000 pop",_T,Total,_T,All age ranges or no breakdown by age,_T,Total,NUMBER,Number,WEF_TTDI_VAL,Type: Value,_Z,Not Applicable,_Z,Not Applicable,2024,27.48436513,WEF_TTDI,Travel & Tourism Development Index (TTDI),0,Units,NUMBER,Number (real number),602,CCYY,,A,Normal value,PU,Public
datastructure,WB.DATA360:DS_DATA360(1.2),I,A,Annual,COL,Colombia,WEF_TTDI_HOMICIDERT,"Homicide cases per 100,000 pop",_T,Total,_T,All age ranges or no breakdown by age,_T,Total,NUMBER,Number,WEF_TTDI_VAL,Type: Value,_Z,Not Applicable,_Z,Not Applicable,2021,25.3438026,WEF_TTDI,Travel & Tourism Development Index (TTDI),0,Units,NUMBER,Number (real number),602,CCYY,,A,Normal value,PU,Public
datastructure,WB.DATA360:DS_DATA360(1.2),I,A,Annual,COL,Colombia,WEF_TTDI_HOMICIDERT,"Homicide cases per 100,000 pop",_T,Total,_T,All age ranges or no breakdown by age,_T,Total,NUMBER,Number,WEF_TTDI_VAL,Type: Value,_Z,Not Applicable,_Z,Not Applicable,2019,25.74361732,WEF_TTDI,Travel & Tourism Development Index (TTDI),0,Units,NUMBER,Number (real number),602,CCYY,,A,Normal value,PU,Public
datastructure,WB.DATA360:DS_DATA360(1.2),I,A,Annual,CRI,Costa Rica,WEF_TTDI_HOMICIDERT,"Homicide cases per 100,000 pop",_T,Total,_T,All age ranges or no breakdown by age,_T,Total,NUMBER,Number,WEF_TTDI_VAL,Type: Value,_Z,Not Applicable,_Z,Not Applicable,2024,11.40870985,WEF_TTDI,Travel & Tourism Development Index (TTDI),0,Units,NUMBER,Number (real number),602,CCYY,,A,Normal value,PU,Public
datastructure,WB.DATA360:DS_DATA360(1.2),I,A,Annual,CRI,Costa Rica,WEF_TTDI_HOMICIDERT,"Homicide cases per 100,000 pop",_T,Total,_T,All age ranges or no breakdown by age,_T,Total,NUMBER,Number,WEF_TTDI_VAL,Type: Value,_Z,Not Applicable,_Z,Not Applicable,2021,11.2612545,WEF_TTDI,Travel & Tourism Development Index (TTDI),0,Units,NUMBER,Number (real number),602,CCYY,,A,Normal value,PU,Public
datastructure,WB.DATA360:DS_DATA360(1.2),I,A,Annual,CRI,Costa Rica,WEF_TTDI_HOMICIDERT,"Homicide cases per 100,000 pop",_T,Total,_T,All age ranges or no breakdown by age,_T,Total,NUMBER,Number,WEF_TTDI_VAL,Type: Value,_Z,Not Applicable,_Z,Not Applicable,2019,11.79751705,WEF_TTDI,Travel & Tourism Development Index (TTDI),0,Units,NUMBER,Number (real number),602,CCYY,,A,Normal value,PU,Public
datastructure,WB.DATA360:DS_DATA360(1.2),I,A,Annual,CIV,Cote d'Ivoire,WEF_TTDI_HOMICIDERT,"Homicide cases per 100,000 pop",_T,Total,_T,All age ranges or no breakdown by age,_T,Total,NUMBER,Number,WEF_TTDI_VAL,Type: Value,_Z,Not Applicable,_Z,Not Applicable,2024,11.49,WEF_TTDI,Travel & Tourism Development Index (TTDI),0,Units,NUMBER,Number (real number),602,CCYY,,A,Normal value,PU,Public
datastructure,WB.DATA360:DS_DATA360(1.2),I,A,Annual,CIV,Cote d'Ivoire,WEF_TTDI_HOMICIDERT,"Homicide cases per 100,000 pop",_T,Total,_T,All age ranges or no breakdown by age,_T,Total,NUMBER,Number,WEF_TTDI_VAL,Type: Value,_Z,Not Applicable,_Z,Not Applicable,2021,11.49,WEF_TTDI,Travel & Tourism Development Index (TTDI),0,Units,NUMBER,Number (real number),602,CCYY,,A,Normal value,PU,Public
datastructure,WB.DATA360:DS_DATA360(1.2),I,A,Annual,CIV,Cote d'Ivoire,WEF_TTDI_HOMICIDERT,"Homicide cases per 100,000 pop",_T,Total,_T,All age ranges or no breakdown by age,_T,Total,NUMBER,Number,WEF_TTDI_VAL,Type: Value,_Z,Not Applicable,_Z,Not Applicable,2019,11.77,WEF_TTDI,Travel & Tourism Development Index (TTDI),0,Units,NUMBER,Number (real number),602,CCYY,,A,Normal value,PU,Public
datastructure,WB.DATA360:DS_DATA360(1.2),I,A,Annual,HRV,Croatia,WEF_TTDI_HOMICIDERT,"Homicide cases per 100,000 pop",_T,Total,_T,All age ranges or no breakdown by age,_T,Total,NUMBER,Number,WEF_TTDI_VAL,Type: Value,_Z,Not Applicable,_Z,Not Applicable,2024,0.8127807557,WEF_TTDI,Travel & Tourism Development Index (TTDI),0,Units,NUMBER,Number (real number),602,CCYY,,A,Normal value,PU,Public
datastructure,WB.DATA360:DS_DATA360(1.2),I,A,Annual,HRV,Croatia,WEF_TTDI_HOMICIDERT,"Homicide cases per 100,000 pop",_T,Total,_T,All age ranges or no breakdown by age,_T,Total,NUMBER,Number,WEF_TTDI_VAL,Type: Value,_Z,Not Applicable,_Z,Not Applicable,2021,0.577421797,WEF_TTDI,Travel & Tourism Development Index (TTDI),0,Units,NUMBER,Number (real number),602,CCYY,,A,Normal value,PU,Public
datastructure,WB.DATA360:DS_DATA360(1.2),I,A,Annual,HRV,Croatia,WEF_TTDI_HOMICIDERT,"Homicide cases per 100,000 pop",_T,Total,_T,All age ranges or no breakdown by age,_T,Total,NUMBER,Number,WEF_TTDI_VAL,Type: Value,_Z,Not Applicable,_Z,Not Applicable,2019,1.045475574,WEF_TTDI,Travel & Tourism Development Index (TTDI),0,Units,NUMBER,Number (real number),602,CCYY,,A,Normal value,PU,Public
datastructure,WB.DATA360:DS_DATA360(1.2),I,A,Annual,CYP,Cyprus,WEF_TTDI_HOMICIDERT,"Homicide cases per 100,000 pop",_T,Total,_T,All age ranges or no breakdown by age,_T,Total,NUMBER,Number,WEF_TTDI_VAL,Type: Value,_Z,Not Applicable,_Z,Not Applicable,2024,1.285979289,WEF_TTDI,Travel & Tourism Development Index (TTDI),0,Units,NUMBER,Number (real number),602,CCYY,,A,Normal value,PU,Public
datastructure,WB.DATA360:DS_DATA360(1.2),I,A,Annual,CYP,Cyprus,WEF_TTDI_HOMICIDERT,"Homicide cases per 100,000 pop",_T,Total,_T,All age ranges or no breakdown by age,_T,Total,NUMBER,Number,WEF_TTDI_VAL,Type: Value,_Z,Not Applicable,_Z,Not Applicable,2021,1.261286411,WEF_TTDI,Travel & Tourism Development Index (TTDI),0,Units,NUMBER,Number (real number),602,CCYY,,A,Normal value,PU,Public
datastructure,WB.DATA360:DS_DATA360(1.2),I,A,Annual,CYP,Cyprus,WEF_TTDI_HOMICIDERT,"Homicide cases per 100,000 pop",_T,Total,_T,All age ranges or no breakdown by age,_T,Total,NUMBER,Number,WEF_TTDI_VAL,Type: Value,_Z,Not Applicable,_Z,Not Applicable,2019,1.110931653,WEF_TTDI,Travel & Tourism Development Index (TTDI),0,Units,NUMBER,Number (real number),602,CCYY,,A,Normal value,PU,Public
datastructure,WB.DATA360:DS_DATA360(1.2),I,A,Annual,CZE,Czechia,WEF_TTDI_HOMICIDERT,"Homicide cases per 100,000 pop",_T,Total,_T,All age ranges or no breakdown by age,_T,Total,NUMBER,Number,WEF_TTDI_VAL,Type: Value,_Z,Not Applicable,_Z,Not Applicable,2024,0.4471612184,WEF_TTDI,Travel & Tourism Development Index (TTDI),0,Units,NUMBER,Number (real number),602,CCYY,,A,Normal value,PU,Public
datastructure,WB.DATA360:DS_DATA360(1.2),I,A,Annual,CZE,Czechia,WEF_TTDI_HOMICIDERT,"Homicide cases per 100,000 pop",_T,Total,_T,All age ranges or no breakdown by age,_T,Total,NUMBER,Number,WEF_TTDI_VAL,Type: Value,_Z,Not Applicable,_Z,Not Applicable,2021,0.620240593,WEF_TTDI,Travel & Tourism Development Index (TTDI),0,Units,NUMBER,Number (real number),602,CCYY,,A,Normal value,PU,Public
datastructure,WB.DATA360:DS_DATA360(1.2),I,A,Annual,CZE,Czechia,WEF_TTDI_HOMICIDERT,"Homicide cases per 100,000 pop",_T,Total,_T,All age ranges or no breakdown by age,_T,Total,NUMBER,Number,WEF_TTDI_VAL,Type: Value,_Z,Not Applicable,_Z,Not Applicable,2019,0.612117977,WEF_TTDI,Travel & Tourism Development Index (TTDI),0,Units,NUMBER,Number (real number),602,CCYY,,A,Normal value,PU,Public
datastructure,WB.DATA360:DS_DATA360(1.2),I,A,Annual,DNK,Denmark,WEF_TTDI_HOMICIDERT,"Homicide cases per 100,000 pop",_T,Total,_T,All age ranges or no breakdown by age,_T,Total,NUMBER,Number,WEF_TTDI_VAL,Type: Value,_Z,Not Applicable,_Z,Not Applicable,2024,0.8028368496,WEF_TTDI,Travel & Tourism Development Index (TTDI),0,Units,NUMBER,Number (real number),602,CCYY,,A,Normal value,PU,Public
datastructure,WB.DATA360:DS_DATA360(1.2),I,A,Annual,DNK,Denmark,WEF_TTDI_HOMICIDERT,"Homicide cases per 100,000 pop",_T,Total,_T,All age ranges or no breakdown by age,_T,Total,NUMBER,Number,WEF_TTDI_VAL,Type: Value,_Z,Not Applicable,_Z,Not Applicable,2021,1.008321959,WEF_TTDI,Travel & Tourism Development Index (TTDI),0,Units,NUMBER,Number (real number),602,CCYY,,A,Normal value,PU,Public
datastructure,WB.DATA360:DS_DATA360(1.2),I,A,Annual,DNK,Denmark,WEF_TTDI_HOMICIDERT,"Homicide cases per 100,000 pop",_T,Total,_T,All age ranges or no breakdown by age,_T,Total,NUMBER,Number,WEF_TTDI_VAL,Type: Value,_Z,Not Applicable,_Z,Not Applicable,2019,0.980504421,WEF_TTDI,Travel & Tourism Development Index (TTDI),0,Units,NUMBER,Number (real number),602,CCYY,,A,Normal value,PU,Public
datastructure,WB.DATA360:DS_DATA360(1.2),I,A,Annual,DOM,Dominican Republic,WEF_TTDI_HOMICIDERT,"Homicide cases per 100,000 pop",_T,Total,_T,All age ranges or no breakdown by age,_T,Total,NUMBER,Number,WEF_TTDI_VAL,Type: Value,_Z,Not Applicable,_Z,Not Applicable,2024,10.54158423,WEF_TTDI,Travel & Tourism Development Index (TTDI),0,Units,NUMBER,Number (real number),602,CCYY,,A,Normal value,PU,Public
datastructure,WB.DATA360:DS_DATA360(1.2),I,A,Annual,DOM,Dominican Republic,WEF_TTDI_HOMICIDERT,"Homicide cases per 100,000 pop",_T,Total,_T,All age ranges or no breakdown by age,_T,Total,NUMBER,Number,WEF_TTDI_VAL,Type: Value,_Z,Not Applicable,_Z,Not Applicable,2021,10.04973395,WEF_TTDI,Travel & Tourism Development Index (TTDI),0,Units,NUMBER,Number (real number),602,CCYY,,A,Normal value,PU,Public
datastructure,WB.DATA360:DS_DATA360(1.2),I,A,Annual,DOM,Dominican Republic,WEF_TTDI_HOMICIDERT,"Homicide cases per 100,000 pop",_T,Total,_T,All age ranges or no breakdown by age,_T,Total,NUMBER,Number,WEF_TTDI_VAL,Type: Value,_Z,Not Applicable,_Z,Not Applicable,2019,15.54184189,WEF_TTDI,Travel & Tourism Development Index (TTDI),0,Units,NUMBER,Number (real number),602,CCYY,,A,Normal value,PU,Public
datastructure,WB.DATA360:DS_DATA360(1.2),I,A,Annual,ECU,Ecuador,WEF_TTDI_HOMICIDERT,"Homicide cases per 100,000 pop",_T,Total,_T,All age ranges or no breakdown by age,_T,Total,NUMBER,Number,WEF_TTDI_VAL,Type: Value,_Z,Not Applicable,_Z,Not Applicable,2024,14.02425488,WEF_TTDI,Travel & Tourism Development Index (TTDI),0,Units,NUMBER,Number (real number),602,CCYY,,A,Normal value,PU,Public
datastructure,WB.DATA360:DS_DATA360(1.2),I,A,Annual,ECU,Ecuador,WEF_TTDI_HOMICIDERT,"Homicide cases per 100,000 pop",_T,Total,_T,All age ranges or no breakdown by age,_T,Total,NUMBER,Number,WEF_TTDI_VAL,Type: Value,_Z,Not Applicable,_Z,Not Applicable,2021,5.800627346,WEF_TTDI,Travel & Tourism Development Index (TTDI),0,Units,NUMBER,Number (real number),602,CCYY,,A,Normal value,PU,Public
datastructure,WB.DATA360:DS_DATA360(1.2),I,A,Annual,ECU,Ecuador,WEF_TTDI_HOMICIDERT,"Homicide cases per 100,000 pop",_T,Total,_T,All age ranges or no breakdown by age,_T,Total,NUMBER,Number,WEF_TTDI_VAL,Type: Value,_Z,Not Applicable,_Z,Not Applicable,2019,5.839507769,WEF_TTDI,Travel & Tourism Development Index (TTDI),0,Units,NUMBER,Number (real number),602,CCYY,,A,Normal value,PU,Public
datastructure,WB.DATA360:DS_DATA360(1.2),I,A,Annual,EGY,"Egypt, Arab Rep.",WEF_TTDI_HOMICIDERT,"Homicide cases per 100,000 pop",_T,Total,_T,All age ranges or no breakdown by age,_T,Total,NUMBER,Number,WEF_TTDI_VAL,Type: Value,_Z,Not Applicable,_Z,Not Applicable,2024,1.336092161,WEF_TTDI,Travel & Tourism Development Index (TTDI),0,Units,NUMBER,Number (real number),602,CCYY,,A,Normal value,PU,Public
datastructure,WB.DATA360:DS_DATA360(1.2),I,A,Annual,EGY,"Egypt, Arab Rep.",WEF_TTDI_HOMICIDERT,"Homicide cases per 100,000 pop",_T,Total,_T,All age ranges or no breakdown by age,_T,Total,NUMBER,Number,WEF_TTDI_VAL,Type: Value,_Z,Not Applicable,_Z,Not Applicable,2021,2.553740796,WEF_TTDI,Travel & Tourism Development Index (TTDI),0,Units,NUMBER,Number (real number),602,CCYY,,A,Normal value,PU,Public
datastructure,WB.DATA360:DS_DATA360(1.2),I,A,Annual,EGY,"Egypt, Arab Rep.",WEF_TTDI_HOMICIDERT,"Homicide cases per 100,000 pop",_T,Total,_T,All age ranges or no breakdown by age,_T,Total,NUMBER,Number,WEF_TTDI_VAL,Type: Value,_Z,Not Applicable,_Z,Not Applicable,2019,2.553740796,WEF_TTDI,Travel & Tourism Development Index (TTDI),0,Units,NUMBER,Number (real number),602,CCYY,,A,Normal value,PU,Public
datastructure,WB.DATA360:DS_DATA360(1.2),I,A,Annual,SLV,El Salvador,WEF_TTDI_HOMICIDERT,"Homicide cases per 100,000 pop",_T,Total,_T,All age ranges or no breakdown by age,_T,Total,NUMBER,Number,WEF_TTDI_VAL,Type: Value,_Z,Not Applicable,_Z,Not Applicable,2024,18.16549846,WEF_TTDI,Travel & Tourism Development Index (TTDI),0,Units,NUMBER,Number (real number),602,CCYY,,A,Normal value,PU,Public
datastructure,WB.DATA360:DS_DATA360(1.2),I,A,Annual,SLV,El Salvador,WEF_TTDI_HOMICIDERT,"Homicide cases per 100,000 pop",_T,Total,_T,All age ranges or no breakdown by age,_T,Total,NUMBER,Number,WEF_TTDI_VAL,Type: Value,_Z,Not Applicable,_Z,Not Applicable,2021,52.01892617,WEF_TTDI,Travel & Tourism Development Index (TTDI),0,Units,NUMBER,Number (real number),602,CCYY,,A,Normal value,PU,Public
datastructure,WB.DATA360:DS_DATA360(1.2),I,A,Annual,SLV,El Salvador,WEF_TTDI_HOMICIDERT,"Homicide cases per 100,000 pop",_T,Total,_T,All age ranges or no breakdown by age,_T,Total,NUMBER,Number,WEF_TTDI_VAL,Type: Value,_Z,Not Applicable,_Z,Not Applicable,2019,83.00639209,WEF_TTDI,Travel & Tourism Development Index (TTDI),0,Units,NUMBER,Number (real number),602,CCYY,,A,Normal value,PU,Public
datastructure,WB.DATA360:DS_DATA360(1.2),I,A,Annual,EST,Estonia,WEF_TTDI_HOMICIDERT,"Homicide cases per 100,000 pop",_T,Total,_T,All age ranges or no breakdown by age,_T,Total,NUMBER,Number,WEF_TTDI_VAL,Type: Value,_Z,Not Applicable,_Z,Not Applicable,2024,1.956798407,WEF_TTDI,Travel & Tourism Development Index (TTDI),0,Units,NUMBER,Number (real number),602,CCYY,,A,Normal value,PU,Public
datastructure,WB.DATA360:DS_DATA360(1.2),I,A,Annual,EST,Estonia,WEF_TTDI_HOMICIDERT,"Homicide cases per 100,000 pop",_T,Total,_T,All age ranges or no breakdown by age,_T,Total,NUMBER,Number,WEF_TTDI_VAL,Type: Value,_Z,Not Applicable,_Z,Not Applicable,2021,2.116541299,WEF_TTDI,Travel & Tourism Development Index (TTDI),0,Units,NUMBER,Number (real number),602,CCYY,,A,Normal value,PU,Public
datastructure,WB.DATA360:DS_DATA360(1.2),I,A,Annual,EST,Estonia,WEF_TTDI_HOMICIDERT,"Homicide cases per 100,000 pop",_T,Total,_T,All age ranges or no breakdown by age,_T,Total,NUMBER,Number,WEF_TTDI_VAL,Type: Value,_Z,Not Applicable,_Z,Not Applicable,2019,2.506633083,WEF_TTDI,Travel & Tourism Development Index (TTDI),0,Units,NUMBER,Number (real number),602,CCYY,,A,Normal value,PU,Public
datastructure,WB.DATA360:DS_DATA360(1.2),I,A,Annual,FIN,Finland,WEF_TTDI_HOMICIDERT,"Homicide cases per 100,000 pop",_T,Total,_T,All age ranges or no breakdown by age,_T,Total,NUMBER,Number,WEF_TTDI_VAL,Type: Value,_Z,Not Applicable,_Z,Not Applicable,2024,1.645727943,WEF_TTDI,Travel & Tourism Development Index (TTDI),0,Units,NUMBER,Number (real number),602,CCYY,,A,Normal value,PU,Public
datastructure,WB.DATA360:DS_DATA360(1.2),I,A,Annual,FIN,Finland,WEF_TTDI_HOMICIDERT,"Homicide cases per 100,000 pop",_T,Total,_T,All age ranges or no breakdown by age,_T,Total,NUMBER,Number,WEF_TTDI_VAL,Type: Value,_Z,Not Applicable,_Z,Not Applicable,2021,1.629671612,WEF_TTDI,Travel & Tourism Development Index (TTDI),0,Units,NUMBER,Number (real number),602,CCYY,,A,Normal value,PU,Public
datastructure,WB.DATA360:DS_DATA360(1.2),I,A,Annual,FIN,Finland,WEF_TTDI_HOMICIDERT,"Homicide cases per 100,000 pop",_T,Total,_T,All age ranges or no breakdown by age,_T,Total,NUMBER,Number,WEF_TTDI_VAL,Type: Value,_Z,Not Applicable,_Z,Not Applicable,2019,1.346013998,WEF_TTDI,Travel & Tourism Development Index (TTDI),0,Units,NUMBER,Number (real number),602,CCYY,,A,Normal value,PU,Public
datastructure,WB.DATA360:DS_DATA360(1.2),I,A,Annual,FRA,France,WEF_TTDI_HOMICIDERT,"Homicide cases per 100,000 pop",_T,Total,_T,All age ranges or no breakdown by age,_T,Total,NUMBER,Number,WEF_TTDI_VAL,Type: Value,_Z,Not Applicable,_Z,Not Applicable,2024,1.137429995,WEF_TTDI,Travel & Tourism Development Index (TTDI),0,Units,NUMBER,Number (real number),602,CCYY,,A,Normal value,PU,Public
datastructure,WB.DATA360:DS_DATA360(1.2),I,A,Annual,FRA,France,WEF_TTDI_HOMICIDERT,"Homicide cases per 100,000 pop",_T,Total,_T,All age ranges or no breakdown by age,_T,Total,NUMBER,Number,WEF_TTDI_VAL,Type: Value,_Z,Not Applicable,_Z,Not Applicable,2021,1.198636503,WEF_TTDI,Travel & Tourism Development Index (TTDI),0,Units,NUMBER,Number (real number),602,CCYY,,A,Normal value,PU,Public
datastructure,WB.DATA360:DS_DATA360(1.2),I,A,Annual,FRA,France,WEF_TTDI_HOMICIDERT,"Homicide cases per 100,000 pop",_T,Total,_T,All age ranges or no breakdown by age,_T,Total,NUMBER,Number,WEF_TTDI_VAL,Type: Value,_Z,Not Applicable,_Z,Not Applicable,2019,1.351527094,WEF_TTDI,Travel & Tourism Development Index (TTDI),0,Units,NUMBER,Number (real number),602,CCYY,,A,Normal value,PU,Public
datastructure,WB.DATA360:DS_DATA360(1.2),I,A,Annual,GEO,Georgia,WEF_TTDI_HOMICIDERT,"Homicide cases per 100,000 pop",_T,Total,_T,All age ranges or no breakdown by age,_T,Total,NUMBER,Number,WEF_TTDI_VAL,Type: Value,_Z,Not Applicable,_Z,Not Applicable,2024,2.042001315,WEF_TTDI,Travel & Tourism Development Index (TTDI),0,Units,NUMBER,Number (real number),602,CCYY,,A,Normal value,PU,Public
datastructure,WB.DATA360:DS_DATA360(1.2),I,A,Annual,GEO,Georgia,WEF_TTDI_HOMICIDERT,"Homicide cases per 100,000 pop",_T,Total,_T,All age ranges or no breakdown by age,_T,Total,NUMBER,Number,WEF_TTDI_VAL,Type: Value,_Z,Not Applicable,_Z,Not Applicable,2021,2.223362494,WEF_TTDI,Travel & Tourism Development Index (TTDI),0,Units,NUMBER,Number (real number),602,CCYY,,A,Normal value,PU,Public
datastructure,WB.DATA360:DS_DATA360(1.2),I,A,Annual,GEO,Georgia,WEF_TTDI_HOMICIDERT,"Homicide cases per 100,000 pop",_T,Total,_T,All age ranges or no breakdown by age,_T,Total,NUMBER,Number,WEF_TTDI_VAL,Type: Value,_Z,Not Applicable,_Z,Not Applicable,2019,0.971246859,WEF_TTDI,Travel & Tourism Development Index (TTDI),0,Units,NUMBER,Number (real number),602,CCYY,,A,Normal value,PU,Public
datastructure,WB.DATA360:DS_DATA360(1.2),I,A,Annual,DEU,Germany,WEF_TTDI_HOMICIDERT,"Homicide cases per 100,000 pop",_T,Total,_T,All age ranges or no breakdown by age,_T,Total,NUMBER,Number,WEF_TTDI_VAL,Type: Value,_Z,Not Applicable,_Z,Not Applicable,2024,0.8332478655,WEF_TTDI,Travel & Tourism Development Index (TTDI),0,Units,NUMBER,Number (real number),602,CCYY,,A,Normal value,PU,Public
datastructure,WB.DATA360:DS_DATA360(1.2),I,A,Annual,DEU,Germany,WEF_TTDI_HOMICIDERT,"Homicide cases per 100,000 pop",_T,Total,_T,All age ranges or no breakdown by age,_T,Total,NUMBER,Number,WEF_TTDI_VAL,Type: Value,_Z,Not Applicable,_Z,Not Applicable,2021,0.947976619,WEF_TTDI,Travel & Tourism Development Index (TTDI),0,Units,NUMBER,Number (real number),602,CCYY,,A,Normal value,PU,Public
datastructure,WB.DATA360:DS_DATA360(1.2),I,A,Annual,DEU,Germany,WEF_TTDI_HOMICIDERT,"Homicide cases per 100,000 pop",_T,Total,_T,All age ranges or no breakdown by age,_T,Total,NUMBER,Number,WEF_TTDI_VAL,Type: Value,_Z,Not Applicable,_Z,Not Applicable,2019,1.171621645,WEF_TTDI,Travel & Tourism Development Index (TTDI),0,Units,NUMBER,Number (real number),602,CCYY,,A,Normal value,PU,Public
datastructure,WB.DATA360:DS_DATA360(1.2),I,A,Annual,GHA,Ghana,WEF_TTDI_HOMICIDERT,"Homicide cases per 100,000 pop",_T,Total,_T,All age ranges or no breakdown by age,_T,Total,NUMBER,Number,WEF_TTDI_VAL,Type: Value,_Z,Not Applicable,_Z,Not Applicable,2024,1.836565107,WEF_TTDI,Travel & Tourism Development Index (TTDI),0,Units,NUMBER,Number (real number),602,CCYY,,A,Normal value,PU,Public
datastructure,WB.DATA360:DS_DATA360(1.2),I,A,Annual,GHA,Ghana,WEF_TTDI_HOMICIDERT,"Homicide cases per 100,000 pop",_T,Total,_T,All age ranges or no breakdown by age,_T,Total,NUMBER,Number,WEF_TTDI_VAL,Type: Value,_Z,Not Applicable,_Z,Not Applicable,2021,2.091241017,WEF_TTDI,Travel & Tourism Development Index (TTDI),0,Units,NUMBER,Number (real number),602,CCYY,,A,Normal value,PU,Public
datastructure,WB.DATA360:DS_DATA360(1.2),I,A,Annual,GHA,Ghana,WEF_TTDI_HOMICIDERT,"Homicide cases per 100,000 pop",_T,Total,_T,All age ranges or no breakdown by age,_T,Total,NUMBER,Number,WEF_TTDI_VAL,Type: Value,_Z,Not Applicable,_Z,Not Applicable,2019,1.927536766,WEF_TTDI,Travel & Tourism Development Index (TTDI),0,Units,NUMBER,Number (real number),602,CCYY,,A,Normal value,PU,Public
datastructure,WB.DATA360:DS_DATA360(1.2),I,A,Annual,GRC,Greece,WEF_TTDI_HOMICIDERT,"Homicide cases per 100,000 pop",_T,Total,_T,All age ranges or no breakdown by age,_T,Total,NUMBER,Number,WEF_TTDI_VAL,Type: Value,_Z,Not Applicable,_Z,Not Applicable,2024,0.8520525611,WEF_TTDI,Travel & Tourism Development Index (TTDI),0,Units,NUMBER,Number (real number),602,CCYY,,A,Normal value,PU,Public
datastructure,WB.DATA360:DS_DATA360(1.2),I,A,Annual,GRC,Greece,WEF_TTDI_HOMICIDERT,"Homicide cases per 100,000 pop",_T,Total,_T,All age ranges or no breakdown by age,_T,Total,NUMBER,Number,WEF_TTDI_VAL,Type: Value,_Z,Not Applicable,_Z,Not Applicable,2021,0.940863945,WEF_TTDI,Travel & Tourism Development Index (TTDI),0,Units,NUMBER,Number (real number),602,CCYY,,A,Normal value,PU,Public
datastructure,WB.DATA360:DS_DATA360(1.2),I,A,Annual,GRC,Greece,WEF_TTDI_HOMICIDERT,"Homicide cases per 100,000 pop",_T,Total,_T,All age ranges or no breakdown by age,_T,Total,NUMBER,Number,WEF_TTDI_VAL,Type: Value,_Z,Not Applicable,_Z,Not Applicable,2019,0.791319377,WEF_TTDI,Travel & Tourism Development Index (TTDI),0,Units,NUMBER,Number (real number),602,CCYY,,A,Normal value,PU,Public
datastructure,WB.DATA360:DS_DATA360(1.2),I,A,Annual,GTM,Guatemala,WEF_TTDI_HOMICIDERT,"Homicide cases per 100,000 pop",_T,Total,_T,All age ranges or no breakdown by age,_T,Total,NUMBER,Number,WEF_TTDI_VAL,Type: Value,_Z,Not Applicable,_Z,Not Applicable,2024,19.9903643,WEF_TTDI,Travel & Tourism Development Index (TTDI),0,Units,NUMBER,Number (real number),602,CCYY,,A,Normal value,PU,Public
datastructure,WB.DATA360:DS_DATA360(1.2),I,A,Annual,GTM,Guatemala,WEF_TTDI_HOMICIDERT,"Homicide cases per 100,000 pop",_T,Total,_T,All age ranges or no breakdown by age,_T,Total,NUMBER,Number,WEF_TTDI_VAL,Type: Value,_Z,Not Applicable,_Z,Not Applicable,2021,22.50134872,WEF_TTDI,Travel & Tourism Development Index (TTDI),0,Units,NUMBER,Number (real number),602,CCYY,,A,Normal value,PU,Public
datastructure,WB.DATA360:DS_DATA360(1.2),I,A,Annual,GTM,Guatemala,WEF_TTDI_HOMICIDERT,"Homicide cases per 100,000 pop",_T,Total,_T,All age ranges or no breakdown by age,_T,Total,NUMBER,Number,WEF_TTDI_VAL,Type: Value,_Z,Not Applicable,_Z,Not Applicable,2019,27.25669943,WEF_TTDI,Travel & Tourism Development Index (TTDI),0,Units,NUMBER,Number (real number),602,CCYY,,A,Normal value,PU,Public
datastructure,WB.DATA360:DS_DATA360(1.2),I,A,Annual,HND,Honduras,WEF_TTDI_HOMICIDERT,"Homicide cases per 100,000 pop",_T,Total,_T,All age ranges or no breakdown by age,_T,Total,NUMBER,Number,WEF_TTDI_VAL,Type: Value,_Z,Not Applicable,_Z,Not Applicable,2024,38.24545497,WEF_TTDI,Travel & Tourism Development Index (TTDI),0,Units,NUMBER,Number (real number),602,CCYY,,A,Normal value,PU,Public
datastructure,WB.DATA360:DS_DATA360(1.2),I,A,Annual,HND,Honduras,WEF_TTDI_HOMICIDERT,"Homicide cases per 100,000 pop",_T,Total,_T,All age ranges or no breakdown by age,_T,Total,NUMBER,Number,WEF_TTDI_VAL,Type: Value,_Z,Not Applicable,_Z,Not Applicable,2021,38.9255911,WEF_TTDI,Travel & Tourism Development Index (TTDI),0,Units,NUMBER,Number (real number),602,CCYY,,A,Normal value,PU,Public
datastructure,WB.DATA360:DS_DATA360(1.2),I,A,Annual,HND,Honduras,WEF_TTDI_HOMICIDERT,"Homicide cases per 100,000 pop",_T,Total,_T,All age ranges or no breakdown by age,_T,Total,NUMBER,Number,WEF_TTDI_VAL,Type: Value,_Z,Not Applicable,_Z,Not Applicable,2019,55.55079748,WEF_TTDI,Travel & Tourism Development Index (TTDI),0,Units,NUMBER,Number (real number),602,CCYY,,A,Normal value,PU,Public
datastructure,WB.DATA360:DS_DATA360(1.2),I,A,Annual,HUN,Hungary,WEF_TTDI_HOMICIDERT,"Homicide cases per 100,000 pop",_T,Total,_T,All age ranges or no breakdown by age,_T,Total,NUMBER,Number,WEF_TTDI_VAL,Type: Value,_Z,Not Applicable,_Z,Not Applicable,2024,0.7724166114,WEF_TTDI,Travel & Tourism Development Index (TTDI),0,Units,NUMBER,Number (real number),602,CCYY,,A,Normal value,PU,Public
datastructure,WB.DATA360:DS_DATA360(1.2),I,A,Annual,HUN,Hungary,WEF_TTDI_HOMICIDERT,"Homicide cases per 100,000 pop",_T,Total,_T,All age ranges or no breakdown by age,_T,Total,NUMBER,Number,WEF_TTDI_VAL,Type: Value,_Z,Not Applicable,_Z,Not Applicable,2021,2.487198635,WEF_TTDI,Travel & Tourism Development Index (TTDI),0,Units,NUMBER,Number (real number),602,CCYY,,A,Normal value,PU,Public
datastructure,WB.DATA360:DS_DATA360(1.2),I,A,Annual,HUN,Hungary,WEF_TTDI_HOMICIDERT,"Homicide cases per 100,000 pop",_T,Total,_T,All age ranges or no breakdown by age,_T,Total,NUMBER,Number,WEF_TTDI_VAL,Type: Value,_Z,Not Applicable,_Z,Not Applicable,2019,2.071163963,WEF_TTDI,Travel & Tourism Development Index (TTDI),0,Units,NUMBER,Number (real number),602,CCYY,,A,Normal value,PU,Public
datastructure,WB.DATA360:DS_DATA360(1.2),I,A,Annual,ISL,Iceland,WEF_TTDI_HOMICIDERT,"Homicide cases per 100,000 pop",_T,Total,_T,All age ranges or no breakdown by age,_T,Total,NUMBER,Number,WEF_TTDI_VAL,Type: Value,_Z,Not Applicable,_Z,Not Applicable,2024,0.5400515749,WEF_TTDI,Travel & Tourism Development Index (TTDI),0,Units,NUMBER,Number (real number),602,CCYY,,A,Normal value,PU,Public
datastructure,WB.DATA360:DS_DATA360(1.2),I,A,Annual,ISL,Iceland,WEF_TTDI_HOMICIDERT,"Homicide cases per 100,000 pop",_T,Total,_T,All age ranges or no breakdown by age,_T,Total,NUMBER,Number,WEF_TTDI_VAL,Type: Value,_Z,Not Applicable,_Z,Not Applicable,2021,0.890969137,WEF_TTDI,Travel & Tourism Development Index (TTDI),0,Units,NUMBER,Number (real number),602,CCYY,,A,Normal value,PU,Public
datastructure,WB.DATA360:DS_DATA360(1.2),I,A,Annual,ISL,Iceland,WEF_TTDI_HOMICIDERT,"Homicide cases per 100,000 pop",_T,Total,_T,All age ranges or no breakdown by age,_T,Total,NUMBER,Number,WEF_TTDI_VAL,Type: Value,_Z,Not Applicable,_Z,Not Applicable,2019,0.301015325,WEF_TTDI,Travel & Tourism Development Index (TTDI),0,Units,NUMBER,Number (real number),602,CCYY,,A,Normal value,PU,Public
datastructure,WB.DATA360:DS_DATA360(1.2),I,A,Annual,IND,India,WEF_TTDI_HOMICIDERT,"Homicide cases per 100,000 pop",_T,Total,_T,All age ranges or no breakdown by age,_T,Total,NUMBER,Number,WEF_TTDI_VAL,Type: Value,_Z,Not Applicable,_Z,Not Applicable,2024,2.936278893,WEF_TTDI,Travel & Tourism Development Index (TTDI),0,Units,NUMBER,Number (real number),602,CCYY,,A,Normal value,PU,Public
datastructure,WB.DATA360:DS_DATA360(1.2),I,A,Annual,IND,India,WEF_TTDI_HOMICIDERT,"Homicide cases per 100,000 pop",_T,Total,_T,All age ranges or no breakdown by age,_T,Total,NUMBER,Number,WEF_TTDI_VAL,Type: Value,_Z,Not Applicable,_Z,Not Applicable,2021,3.079232442,WEF_TTDI,Travel & Tourism Development Index (TTDI),0,Units,NUMBER,Number (real number),602,CCYY,,A,Normal value,PU,Public
datastructure,WB.DATA360:DS_DATA360(1.2),I,A,Annual,IND,India,WEF_TTDI_HOMICIDERT,"Homicide cases per 100,000 pop",_T,Total,_T,All age ranges or no breakdown by age,_T,Total,NUMBER,Number,WEF_TTDI_VAL,Type: Value,_Z,Not Applicable,_Z,Not Applicable,2019,3.222155091,WEF_TTDI,Travel & Tourism Development Index (TTDI),0,Units,NUMBER,Number (real number),602,CCYY,,A,Normal value,PU,Public
datastructure,WB.DATA360:DS_DATA360(1.2),I,A,Annual,IDN,Indonesia,WEF_TTDI_HOMICIDERT,"Homicide cases per 100,000 pop",_T,Total,_T,All age ranges or no breakdown by age,_T,Total,NUMBER,Number,WEF_TTDI_VAL,Type: Value,_Z,Not Applicable,_Z,Not Applicable,2024,4.29,WEF_TTDI,Travel & Tourism Development Index (TTDI),0,Units,NUMBER,Number (real number),602,CCYY,,A,Normal value,PU,Public
datastructure,WB.DATA360:DS_DATA360(1.2),I,A,Annual,IDN,Indonesia,WEF_TTDI_HOMICIDERT,"Homicide cases per 100,000 pop",_T,Total,_T,All age ranges or no breakdown by age,_T,Total,NUMBER,Number,WEF_TTDI_VAL,Type: Value,_Z,Not Applicable,_Z,Not Applicable,2021,0.434534589,WEF_TTDI,Travel & Tourism Development Index (TTDI),0,Units,NUMBER,Number (real number),602,CCYY,,A,Normal value,PU,Public
datastructure,WB.DATA360:DS_DATA360(1.2),I,A,Annual,IDN,Indonesia,WEF_TTDI_HOMICIDERT,"Homicide cases per 100,000 pop",_T,Total,_T,All age ranges or no breakdown by age,_T,Total,NUMBER,Number,WEF_TTDI_VAL,Type: Value,_Z,Not Applicable,_Z,Not Applicable,2019,0.493966146,WEF_TTDI,Travel & Tourism Development Index (TTDI),0,Units,NUMBER,Number (real number),602,CCYY,,A,Normal value,PU,Public
datastructure,WB.DATA360:DS_DATA360(1.2),I,A,Annual,IRN,"Iran, Islamic Rep.",WEF_TTDI_HOMICIDERT,"Homicide cases per 100,000 pop",_T,Total,_T,All age ranges or no breakdown by age,_T,Total,NUMBER,Number,WEF_TTDI_VAL,Type: Value,_Z,Not Applicable,_Z,Not Applicable,2024,2.421159978,WEF_TTDI,Travel & Tourism Development Index (TTDI),0,Units,NUMBER,Number (real number),602,CCYY,,A,Normal value,PU,Public
datastructure,WB.DATA360:DS_DATA360(1.2),I,A,Annual,IRN,"Iran, Islamic Rep.",WEF_TTDI_HOMICIDERT,"Homicide cases per 100,000 pop",_T,Total,_T,All age ranges or no breakdown by age,_T,Total,NUMBER,Number,WEF_TTDI_VAL,Type: Value,_Z,Not Applicable,_Z,Not Applicable,2021,2.499168375,WEF_TTDI,Travel & Tourism Development Index (TTDI),0,Units,NUMBER,Number (real number),602,CCYY,,A,Normal value,PU,Public
datastructure,WB.DATA360:DS_DATA360(1.2),I,A,Annual,IRN,"Iran, Islamic Rep.",WEF_TTDI_HOMICIDERT,"Homicide cases per 100,000 pop",_T,Total,_T,All age ranges or no breakdown by age,_T,Total,NUMBER,Number,WEF_TTDI_VAL,Type: Value,_Z,Not Applicable,_Z,Not Applicable,2019,2.499168375,WEF_TTDI,Travel & Tourism Development Index (TTDI),0,Units,NUMBER,Number (real number),602,CCYY,,A,Normal value,PU,Public
datastructure,WB.DATA360:DS_DATA360(1.2),I,A,Annual,IRL,Ireland,WEF_TTDI_HOMICIDERT,"Homicide cases per 100,000 pop",_T,Total,_T,All age ranges or no breakdown by age,_T,Total,NUMBER,Number,WEF_TTDI_VAL,Type: Value,_Z,Not Applicable,_Z,Not Applicable,2024,0.4411889159,WEF_TTDI,Travel & Tourism Development Index (TTDI),0,Units,NUMBER,Number (real number),602,CCYY,,A,Normal value,PU,Public
datastructure,WB.DATA360:DS_DATA360(1.2),I,A,Annual,IRL,Ireland,WEF_TTDI_HOMICIDERT,"Homicide cases per 100,000 pop",_T,Total,_T,All age ranges or no breakdown by age,_T,Total,NUMBER,Number,WEF_TTDI_VAL,Type: Value,_Z,Not Applicable,_Z,Not Applicable,2021,0.87160546,WEF_TTDI,Travel & Tourism Development Index (TTDI),0,Units,NUMBER,Number (real number),602,CCYY,,A,Normal value,PU,Public
datastructure,WB.DATA360:DS_DATA360(1.2),I,A,Annual,IRL,Ireland,WEF_TTDI_HOMICIDERT,"Homicide cases per 100,000 pop",_T,Total,_T,All age ranges or no breakdown by age,_T,Total,NUMBER,Number,WEF_TTDI_VAL,Type: Value,_Z,Not Applicable,_Z,Not Applicable,2019,0.787939835,WEF_TTDI,Travel & Tourism Development Index (TTDI),0,Units,NUMBER,Number (real number),602,CCYY,,A,Normal value,PU,Public
datastructure,WB.DATA360:DS_DATA360(1.2),I,A,Annual,ISR,Israel,WEF_TTDI_HOMICIDERT,"Homicide cases per 100,000 pop",_T,Total,_T,All age ranges or no breakdown by age,_T,Total,NUMBER,Number,WEF_TTDI_VAL,Type: Value,_Z,Not Applicable,_Z,Not Applicable,2024,1.943807339,WEF_TTDI,Travel & Tourism Development Index (TTDI),0,Units,NUMBER,Number (real number),602,CCYY,,A,Normal value,PU,Public
datastructure,WB.DATA360:DS_DATA360(1.2),I,A,Annual,ISR,Israel,WEF_TTDI_HOMICIDERT,"Homicide cases per 100,000 pop",_T,Total,_T,All age ranges or no breakdown by age,_T,Total,NUMBER,Number,WEF_TTDI_VAL,Type: Value,_Z,Not Applicable,_Z,Not Applicable,2021,1.492021506,WEF_TTDI,Travel & Tourism Development Index (TTDI),0,Units,NUMBER,Number (real number),602,CCYY,,A,Normal value,PU,Public
datastructure,WB.DATA360:DS_DATA360(1.2),I,A,Annual,ISR,Israel,WEF_TTDI_HOMICIDERT,"Homicide cases per 100,000 pop",_T,Total,_T,All age ranges or no breakdown by age,_T,Total,NUMBER,Number,WEF_TTDI_VAL,Type: Value,_Z,Not Applicable,_Z,Not Applicable,2019,1.282528119,WEF_TTDI,Travel & Tourism Development Index (TTDI),0,Units,NUMBER,Number (real number),602,CCYY,,A,Normal value,PU,Public
datastructure,WB.DATA360:DS_DATA360(1.2),I,A,Annual,ITA,Italy,WEF_TTDI_HOMICIDERT,"Homicide cases per 100,000 pop",_T,Total,_T,All age ranges or no breakdown by age,_T,Total,NUMBER,Number,WEF_TTDI_VAL,Type: Value,_Z,Not Applicable,_Z,Not Applicable,2024,0.5114758857,WEF_TTDI,Travel & Tourism Development Index (TTDI),0,Units,NUMBER,Number (real number),602,CCYY,,A,Normal value,PU,Public
datastructure,WB.DATA360:DS_DATA360(1.2),I,A,Annual,ITA,Italy,WEF_TTDI_HOMICIDERT,"Homicide cases per 100,000 pop",_T,Total,_T,All age ranges or no breakdown by age,_T,Total,NUMBER,Number,WEF_TTDI_VAL,Type: Value,_Z,Not Applicable,_Z,Not Applicable,2021,0.569050661,WEF_TTDI,Travel & Tourism Development Index (TTDI),0,Units,NUMBER,Number (real number),602,CCYY,,A,Normal value,PU,Public
datastructure,WB.DATA360:DS_DATA360(1.2),I,A,Annual,ITA,Italy,WEF_TTDI_HOMICIDERT,"Homicide cases per 100,000 pop",_T,Total,_T,All age ranges or no breakdown by age,_T,Total,NUMBER,Number,WEF_TTDI_VAL,Type: Value,_Z,Not Applicable,_Z,Not Applicable,2019,0.659379773,WEF_TTDI,Travel & Tourism Development Index (TTDI),0,Units,NUMBER,Number (real number),602,CCYY,,A,Normal value,PU,Public
datastructure,WB.DATA360:DS_DATA360(1.2),I,A,Annual,JAM,Jamaica,WEF_TTDI_HOMICIDERT,"Homicide cases per 100,000 pop",_T,Total,_T,All age ranges or no breakdown by age,_T,Total,NUMBER,Number,WEF_TTDI_VAL,Type: Value,_Z,Not Applicable,_Z,Not Applicable,2024,52.12727188,WEF_TTDI,Travel & Tourism Development Index (TTDI),0,Units,NUMBER,Number (real number),602,CCYY,,A,Normal value,PU,Public
datastructure,WB.DATA360:DS_DATA360(1.2),I,A,Annual,JAM,Jamaica,WEF_TTDI_HOMICIDERT,"Homicide cases per 100,000 pop",_T,Total,_T,All age ranges or no breakdown by age,_T,Total,NUMBER,Number,WEF_TTDI_VAL,Type: Value,_Z,Not Applicable,_Z,Not Applicable,2021,43.85228153,WEF_TTDI,Travel & Tourism Development Index (TTDI),0,Units,NUMBER,Number (real number),602,CCYY,,A,Normal value,PU,Public
datastructure,WB.DATA360:DS_DATA360(1.2),I,A,Annual,JAM,Jamaica,WEF_TTDI_HOMICIDERT,"Homicide cases per 100,000 pop",_T,Total,_T,All age ranges or no breakdown by age,_T,Total,NUMBER,Number,WEF_TTDI_VAL,Type: Value,_Z,Not Applicable,_Z,Not Applicable,2019,46.58937556,WEF_TTDI,Travel & Tourism Development Index (TTDI),0,Units,NUMBER,Number (real number),602,CCYY,,A,Normal value,PU,Public
datastructure,WB.DATA360:DS_DATA360(1.2),I,A,Annual,JPN,Japan,WEF_TTDI_HOMICIDERT,"Homicide cases per 100,000 pop",_T,Total,_T,All age ranges or no breakdown by age,_T,Total,NUMBER,Number,WEF_TTDI_VAL,Type: Value,_Z,Not Applicable,_Z,Not Applicable,2024,0.2287089419,WEF_TTDI,Travel & Tourism Development Index (TTDI),0,Units,NUMBER,Number (real number),602,CCYY,,A,Normal value,PU,Public
datastructure,WB.DATA360:DS_DATA360(1.2),I,A,Annual,JPN,Japan,WEF_TTDI_HOMICIDERT,"Homicide cases per 100,000 pop",_T,Total,_T,All age ranges or no breakdown by age,_T,Total,NUMBER,Number,WEF_TTDI_VAL,Type: Value,_Z,Not Applicable,_Z,Not Applicable,2021,0.262574096,WEF_TTDI,Travel & Tourism Development Index (TTDI),0,Units,NUMBER,Number (real number),602,CCYY,,A,Normal value,PU,Public
datastructure,WB.DATA360:DS_DATA360(1.2),I,A,Annual,JPN,Japan,WEF_TTDI_HOMICIDERT,"Homicide cases per 100,000 pop",_T,Total,_T,All age ranges or no breakdown by age,_T,Total,NUMBER,Number,WEF_TTDI_VAL,Type: Value,_Z,Not Applicable,_Z,Not Applicable,2019,0.283336524,WEF_TTDI,Travel & Tourism Development Index (TTDI),0,Units,NUMBER,Number (real number),602,CCYY,,A,Normal value,PU,Public
datastructure,WB.DATA360:DS_DATA360(1.2),I,A,Annual,JOR,Jordan,WEF_TTDI_HOMICIDERT,"Homicide cases per 100,000 pop",_T,Total,_T,All age ranges or no breakdown by age,_T,Total,NUMBER,Number,WEF_TTDI_VAL,Type: Value,_Z,Not Applicable,_Z,Not Applicable,2024,1.022579497,WEF_TTDI,Travel & Tourism Development Index (TTDI),0,Units,NUMBER,Number (real number),602,CCYY,,A,Normal value,PU,Public
datastructure,WB.DATA360:DS_DATA360(1.2),I,A,Annual,JOR,Jordan,WEF_TTDI_HOMICIDERT,"Homicide cases per 100,000 pop",_T,Total,_T,All age ranges or no breakdown by age,_T,Total,NUMBER,Number,WEF_TTDI_VAL,Type: Value,_Z,Not Applicable,_Z,Not Applicable,2021,1.359106628,WEF_TTDI,Travel & Tourism Development Index (TTDI),0,Units,NUMBER,Number (real number),602,CCYY,,A,Normal value,PU,Public
datastructure,WB.DATA360:DS_DATA360(1.2),I,A,Annual,JOR,Jordan,WEF_TTDI_HOMICIDERT,"Homicide cases per 100,000 pop",_T,Total,_T,All age ranges or no breakdown by age,_T,Total,NUMBER,Number,WEF_TTDI_VAL,Type: Value,_Z,Not Applicable,_Z,Not Applicable,2019,1.371112399,WEF_TTDI,Travel & Tourism Development Index (TTDI),0,Units,NUMBER,Number (real number),602,CCYY,,A,Normal value,PU,Public
datastructure,WB.DATA360:DS_DATA360(1.2),I,A,Annual,KAZ,Kazakhstan,WEF_TTDI_HOMICIDERT,"Homicide cases per 100,000 pop",_T,Total,_T,All age ranges or no breakdown by age,_T,Total,NUMBER,Number,WEF_TTDI_VAL,Type: Value,_Z,Not Applicable,_Z,Not Applicable,2024,3.192961911,WEF_TTDI,Travel & Tourism Development Index (TTDI),0,Units,NUMBER,Number (real number),602,CCYY,,A,Normal value,PU,Public
datastructure,WB.DATA360:DS_DATA360(1.2),I,A,Annual,KAZ,Kazakhstan,WEF_TTDI_HOMICIDERT,"Homicide cases per 100,000 pop",_T,Total,_T,All age ranges or no breakdown by age,_T,Total,NUMBER,Number,WEF_TTDI_VAL,Type: Value,_Z,Not Applicable,_Z,Not Applicable,2021,5.06083427,WEF_TTDI,Travel & Tourism Development Index (TTDI),0,Units,NUMBER,Number (real number),602,CCYY,,A,Normal value,PU,Public
datastructure,WB.DATA360:DS_DATA360(1.2),I,A,Annual,KAZ,Kazakhstan,WEF_TTDI_HOMICIDERT,"Homicide cases per 100,000 pop",_T,Total,_T,All age ranges or no breakdown by age,_T,Total,NUMBER,Number,WEF_TTDI_VAL,Type: Value,_Z,Not Applicable,_Z,Not Applicable,2019,5.06083427,WEF_TTDI,Travel & Tourism Development Index (TTDI),0,Units,NUMBER,Number (real number),602,CCYY,,A,Normal value,PU,Public
datastructure,WB.DATA360:DS_DATA360(1.2),I,A,Annual,KEN,Kenya,WEF_TTDI_HOMICIDERT,"Homicide cases per 100,000 pop",_T,Total,_T,All age ranges or no breakdown by age,_T,Total,NUMBER,Number,WEF_TTDI_VAL,Type: Value,_Z,Not Applicable,_Z,Not Applicable,2024,5.274912955,WEF_TTDI,Travel & Tourism Development Index (TTDI),0,Units,NUMBER,Number (real number),602,CCYY,,A,Normal value,PU,Public
datastructure,WB.DATA360:DS_DATA360(1.2),I,A,Annual,KEN,Kenya,WEF_TTDI_HOMICIDERT,"Homicide cases per 100,000 pop",_T,Total,_T,All age ranges or no breakdown by age,_T,Total,NUMBER,Number,WEF_TTDI_VAL,Type: Value,_Z,Not Applicable,_Z,Not Applicable,2021,4.928728024,WEF_TTDI,Travel & Tourism Development Index (TTDI),0,Units,NUMBER,Number (real number),602,CCYY,,A,Normal value,PU,Public
datastructure,WB.DATA360:DS_DATA360(1.2),I,A,Annual,KEN,Kenya,WEF_TTDI_HOMICIDERT,"Homicide cases per 100,000 pop",_T,Total,_T,All age ranges or no breakdown by age,_T,Total,NUMBER,Number,WEF_TTDI_VAL,Type: Value,_Z,Not Applicable,_Z,Not Applicable,2019,4.817382764,WEF_TTDI,Travel & Tourism Development Index (TTDI),0,Units,NUMBER,Number (real number),602,CCYY,,A,Normal value,PU,Public
datastructure,WB.DATA360:DS_DATA360(1.2),I,A,Annual,KOR,"Korea, Rep.",WEF_TTDI_HOMICIDERT,"Homicide cases per 100,000 pop",_T,Total,_T,All age ranges or no breakdown by age,_T,Total,NUMBER,Number,WEF_TTDI_VAL,Type: Value,_Z,Not Applicable,_Z,Not Applicable,2024,0.5209324251,WEF_TTDI,Travel & Tourism Development Index (TTDI),0,Units,NUMBER,Number (real number),602,CCYY,,A,Normal value,PU,Public
datastructure,WB.DATA360:DS_DATA360(1.2),I,A,Annual,KOR,"Korea, Rep.",WEF_TTDI_HOMICIDERT,"Homicide cases per 100,000 pop",_T,Total,_T,All age ranges or no breakdown by age,_T,Total,NUMBER,Number,WEF_TTDI_VAL,Type: Value,_Z,Not Applicable,_Z,Not Applicable,2021,0.603849393,WEF_TTDI,Travel & Tourism Development Index (TTDI),0,Units,NUMBER,Number (real number),602,CCYY,,A,Normal value,PU,Public
datastructure,WB.DATA360:DS_DATA360(1.2),I,A,Annual,KOR,"Korea, Rep.",WEF_TTDI_HOMICIDERT,"Homicide cases per 100,000 pop",_T,Total,_T,All age ranges or no breakdown by age,_T,Total,NUMBER,Number,WEF_TTDI_VAL,Type: Value,_Z,Not Applicable,_Z,Not Applicable,2019,0.708072969,WEF_TTDI,Travel & Tourism Development Index (TTDI),0,Units,NUMBER,Number (real number),602,CCYY,,A,Normal value,PU,Public
datastructure,WB.DATA360:DS_DATA360(1.2),I,A,Annual,KWT,Kuwait,WEF_TTDI_HOMICIDERT,"Homicide cases per 100,000 pop",_T,Total,_T,All age ranges or no breakdown by age,_T,Total,NUMBER,Number,WEF_TTDI_VAL,Type: Value,_Z,Not Applicable,_Z,Not Applicable,2024,0.2522678594,WEF_TTDI,Travel & Tourism Development Index (TTDI),0,Units,NUMBER,Number (real number),602,CCYY,,A,Normal value,PU,Public
datastructure,WB.DATA360:DS_DATA360(1.2),I,A,Annual,KWT,Kuwait,WEF_TTDI_HOMICIDERT,"Homicide cases per 100,000 pop",_T,Total,_T,All age ranges or no breakdown by age,_T,Total,NUMBER,Number,WEF_TTDI_VAL,Type: Value,_Z,Not Applicable,_Z,Not Applicable,2021,1.821519733,WEF_TTDI,Travel & Tourism Development Index (TTDI),0,Units,NUMBER,Number (real number),602,CCYY,,A,Normal value,PU,Public
datastructure,WB.DATA360:DS_DATA360(1.2),I,A,Annual,KWT,Kuwait,WEF_TTDI_HOMICIDERT,"Homicide cases per 100,000 pop",_T,Total,_T,All age ranges or no breakdown by age,_T,Total,NUMBER,Number,WEF_TTDI_VAL,Type: Value,_Z,Not Applicable,_Z,Not Applicable,2019,1.821519733,WEF_TTDI,Travel & Tourism Development Index (TTDI),0,Units,NUMBER,Number (real number),602,CCYY,,A,Normal value,PU,Public
datastructure,WB.DATA360:DS_DATA360(1.2),I,A,Annual,KGZ,Kyrgyz Republic,WEF_TTDI_HOMICIDERT,"Homicide cases per 100,000 pop",_T,Total,_T,All age ranges or no breakdown by age,_T,Total,NUMBER,Number,WEF_TTDI_VAL,Type: Value,_Z,Not Applicable,_Z,Not Applicable,2024,4.58,WEF_TTDI,Travel & Tourism Development Index (TTDI),0,Units,NUMBER,Number (real number),602,CCYY,,A,Normal value,PU,Public
datastructure,WB.DATA360:DS_DATA360(1.2),I,A,Annual,KGZ,Kyrgyz Republic,WEF_TTDI_HOMICIDERT,"Homicide cases per 100,000 pop",_T,Total,_T,All age ranges or no breakdown by age,_T,Total,NUMBER,Number,WEF_TTDI_VAL,Type: Value,_Z,Not Applicable,_Z,Not Applicable,2021,2.189077613,WEF_TTDI,Travel & Tourism Development Index (TTDI),0,Units,NUMBER,Number (real number),602,CCYY,,A,Normal value,PU,Public
datastructure,WB.DATA360:DS_DATA360(1.2),I,A,Annual,KGZ,Kyrgyz Republic,WEF_TTDI_HOMICIDERT,"Homicide cases per 100,000 pop",_T,Total,_T,All age ranges or no breakdown by age,_T,Total,NUMBER,Number,WEF_TTDI_VAL,Type: Value,_Z,Not Applicable,_Z,Not Applicable,2019,4.395548676,WEF_TTDI,Travel & Tourism Development Index (TTDI),0,Units,NUMBER,Number (real number),602,CCYY,,A,Normal value,PU,Public
datastructure,WB.DATA360:DS_DATA360(1.2),I,A,Annual,LAO,Lao PDR,WEF_TTDI_HOMICIDERT,"Homicide cases per 100,000 pop",_T,Total,_T,All age ranges or no breakdown by age,_T,Total,NUMBER,Number,WEF_TTDI_VAL,Type: Value,_Z,Not Applicable,_Z,Not Applicable,2024,6.62,WEF_TTDI,Travel & Tourism Development Index (TTDI),0,Units,NUMBER,Number (real number),602,CCYY,,A,Normal value,PU,Public
datastructure,WB.DATA360:DS_DATA360(1.2),I,A,Annual,LAO,Lao PDR,WEF_TTDI_HOMICIDERT,"Homicide cases per 100,000 pop",_T,Total,_T,All age ranges or no breakdown by age,_T,Total,NUMBER,Number,WEF_TTDI_VAL,Type: Value,_Z,Not Applicable,_Z,Not Applicable,2021,6.62,WEF_TTDI,Travel & Tourism Development Index (TTDI),0,Units,NUMBER,Number (real number),602,CCYY,,A,Normal value,PU,Public
datastructure,WB.DATA360:DS_DATA360(1.2),I,A,Annual,LAO,Lao PDR,WEF_TTDI_HOMICIDERT,"Homicide cases per 100,000 pop",_T,Total,_T,All age ranges or no breakdown by age,_T,Total,NUMBER,Number,WEF_TTDI_VAL,Type: Value,_Z,Not Applicable,_Z,Not Applicable,2019,6.84,WEF_TTDI,Travel & Tourism Development Index (TTDI),0,Units,NUMBER,Number (real number),602,CCYY,,A,Normal value,PU,Public
datastructure,WB.DATA360:DS_DATA360(1.2),I,A,Annual,LVA,Latvia,WEF_TTDI_HOMICIDERT,"Homicide cases per 100,000 pop",_T,Total,_T,All age ranges or no breakdown by age,_T,Total,NUMBER,Number,WEF_TTDI_VAL,Type: Value,_Z,Not Applicable,_Z,Not Applicable,2024,3.041753672,WEF_TTDI,Travel & Tourism Development Index (TTDI),0,Units,NUMBER,Number (real number),602,CCYY,,A,Normal value,PU,Public
datastructure,WB.DATA360:DS_DATA360(1.2),I,A,Annual,LVA,Latvia,WEF_TTDI_HOMICIDERT,"Homicide cases per 100,000 pop",_T,Total,_T,All age ranges or no breakdown by age,_T,Total,NUMBER,Number,WEF_TTDI_VAL,Type: Value,_Z,Not Applicable,_Z,Not Applicable,2021,4.355804966,WEF_TTDI,Travel & Tourism Development Index (TTDI),0,Units,NUMBER,Number (real number),602,CCYY,,A,Normal value,PU,Public
datastructure,WB.DATA360:DS_DATA360(1.2),I,A,Annual,LVA,Latvia,WEF_TTDI_HOMICIDERT,"Homicide cases per 100,000 pop",_T,Total,_T,All age ranges or no breakdown by age,_T,Total,NUMBER,Number,WEF_TTDI_VAL,Type: Value,_Z,Not Applicable,_Z,Not Applicable,2019,3.494971546,WEF_TTDI,Travel & Tourism Development Index (TTDI),0,Units,NUMBER,Number (real number),602,CCYY,,A,Normal value,PU,Public
datastructure,WB.DATA360:DS_DATA360(1.2),I,A,Annual,LBN,Lebanon,WEF_TTDI_HOMICIDERT,"Homicide cases per 100,000 pop",_T,Total,_T,All age ranges or no breakdown by age,_T,Total,NUMBER,Number,WEF_TTDI_VAL,Type: Value,_Z,Not Applicable,_Z,Not Applicable,2024,2.260316601,WEF_TTDI,Travel & Tourism Development Index (TTDI),0,Units,NUMBER,Number (real number),602,CCYY,,A,Normal value,PU,Public
datastructure,WB.DATA360:DS_DATA360(1.2),I,A,Annual,LBN,Lebanon,WEF_TTDI_HOMICIDERT,"Homicide cases per 100,000 pop",_T,Total,_T,All age ranges or no breakdown by age,_T,Total,NUMBER,Number,WEF_TTDI_VAL,Type: Value,_Z,Not Applicable,_Z,Not Applicable,2021,2.492926503,WEF_TTDI,Travel & Tourism Development Index (TTDI),0,Units,NUMBER,Number (real number),602,CCYY,,A,Normal value,PU,Public
datastructure,WB.DATA360:DS_DATA360(1.2),I,A,Annual,LBN,Lebanon,WEF_TTDI_HOMICIDERT,"Homicide cases per 100,000 pop",_T,Total,_T,All age ranges or no breakdown by age,_T,Total,NUMBER,Number,WEF_TTDI_VAL,Type: Value,_Z,Not Applicable,_Z,Not Applicable,2019,3.500002457,WEF_TTDI,Travel & Tourism Development Index (TTDI),0,Units,NUMBER,Number (real number),602,CCYY,,A,Normal value,PU,Public
datastructure,WB.DATA360:DS_DATA360(1.2),I,A,Annual,LTU,Lithuania,WEF_TTDI_HOMICIDERT,"Homicide cases per 100,000 pop",_T,Total,_T,All age ranges or no breakdown by age,_T,Total,NUMBER,Number,WEF_TTDI_VAL,Type: Value,_Z,Not Applicable,_Z,Not Applicable,2024,2.583747047,WEF_TTDI,Travel & Tourism Development Index (TTDI),0,Units,NUMBER,Number (real number),602,CCYY,,A,Normal value,PU,Public
datastructure,WB.DATA360:DS_DATA360(1.2),I,A,Annual,LTU,Lithuania,WEF_TTDI_HOMICIDERT,"Homicide cases per 100,000 pop",_T,Total,_T,All age ranges or no breakdown by age,_T,Total,NUMBER,Number,WEF_TTDI_VAL,Type: Value,_Z,Not Applicable,_Z,Not Applicable,2021,4.569356042,WEF_TTDI,Travel & Tourism Development Index (TTDI),0,Units,NUMBER,Number (real number),602,CCYY,,A,Normal value,PU,Public
datastructure,WB.DATA360:DS_DATA360(1.2),I,A,Annual,LTU,Lithuania,WEF_TTDI_HOMICIDERT,"Homicide cases per 100,000 pop",_T,Total,_T,All age ranges or no breakdown by age,_T,Total,NUMBER,Number,WEF_TTDI_VAL,Type: Value,_Z,Not Applicable,_Z,Not Applicable,2019,5.294932957,WEF_TTDI,Travel & Tourism Development Index (TTDI),0,Units,NUMBER,Number (real number),602,CCYY,,A,Normal value,PU,Public
datastructure,WB.DATA360:DS_DATA360(1.2),I,A,Annual,LUX,Luxembourg,WEF_TTDI_HOMICIDERT,"Homicide cases per 100,000 pop",_T,Total,_T,All age ranges or no breakdown by age,_T,Total,NUMBER,Number,WEF_TTDI_VAL,Type: Value,_Z,Not Applicable,_Z,Not Applicable,2024,0.6256637902,WEF_TTDI,Travel & Tourism Development Index (TTDI),0,Units,NUMBER,Number (real number),602,CCYY,,A,Normal value,PU,Public
datastructure,WB.DATA360:DS_DATA360(1.2),I,A,Annual,LUX,Luxembourg,WEF_TTDI_HOMICIDERT,"Homicide cases per 100,000 pop",_T,Total,_T,All age ranges or no breakdown by age,_T,Total,NUMBER,Number,WEF_TTDI_VAL,Type: Value,_Z,Not Applicable,_Z,Not Applicable,2021,0.337886923,WEF_TTDI,Travel & Tourism Development Index (TTDI),0,Units,NUMBER,Number (real number),602,CCYY,,A,Normal value,PU,Public
datastructure,WB.DATA360:DS_DATA360(1.2),I,A,Annual,LUX,Luxembourg,WEF_TTDI_HOMICIDERT,"Homicide cases per 100,000 pop",_T,Total,_T,All age ranges or no breakdown by age,_T,Total,NUMBER,Number,WEF_TTDI_VAL,Type: Value,_Z,Not Applicable,_Z,Not Applicable,2019,0.863161311,WEF_TTDI,Travel & Tourism Development Index (TTDI),0,Units,NUMBER,Number (real number),602,CCYY,,A,Normal value,PU,Public
datastructure,WB.DATA360:DS_DATA360(1.2),I,A,Annual,MKD,North Macedonia,WEF_TTDI_HOMICIDERT,"Homicide cases per 100,000 pop",_T,Total,_T,All age ranges or no breakdown by age,_T,Total,NUMBER,Number,WEF_TTDI_VAL,Type: Value,_Z,Not Applicable,_Z,Not Applicable,2024,1.135194043,WEF_TTDI,Travel & Tourism Development Index (TTDI),0,Units,NUMBER,Number (real number),602,CCYY,,A,Normal value,PU,Public
datastructure,WB.DATA360:DS_DATA360(1.2),I,A,Annual,MKD,North Macedonia,WEF_TTDI_HOMICIDERT,"Homicide cases per 100,000 pop",_T,Total,_T,All age ranges or no breakdown by age,_T,Total,NUMBER,Number,WEF_TTDI_VAL,Type: Value,_Z,Not Applicable,_Z,Not Applicable,2021,1.200216807,WEF_TTDI,Travel & Tourism Development Index (TTDI),0,Units,NUMBER,Number (real number),602,CCYY,,A,Normal value,PU,Public
datastructure,WB.DATA360:DS_DATA360(1.2),I,A,Annual,MKD,North Macedonia,WEF_TTDI_HOMICIDERT,"Homicide cases per 100,000 pop",_T,Total,_T,All age ranges or no breakdown by age,_T,Total,NUMBER,Number,WEF_TTDI_VAL,Type: Value,_Z,Not Applicable,_Z,Not Applicable,2019,0.913134039,WEF_TTDI,Travel & Tourism Development Index (TTDI),0,Units,NUMBER,Number (real number),602,CCYY,,A,Normal value,PU,Public
datastructure,WB.DATA360:DS_DATA360(1.2),I,A,Annual,MWI,Malawi,WEF_TTDI_HOMICIDERT,"Homicide cases per 100,000 pop",_T,Total,_T,All age ranges or no breakdown by age,_T,Total,NUMBER,Number,WEF_TTDI_VAL,Type: Value,_Z,Not Applicable,_Z,Not Applicable,2024,2.18,WEF_TTDI,Travel & Tourism Development Index (TTDI),0,Units,NUMBER,Number (real number),602,CCYY,,A,Normal value,PU,Public
datastructure,WB.DATA360:DS_DATA360(1.2),I,A,Annual,MWI,Malawi,WEF_TTDI_HOMICIDERT,"Homicide cases per 100,000 pop",_T,Total,_T,All age ranges or no breakdown by age,_T,Total,NUMBER,Number,WEF_TTDI_VAL,Type: Value,_Z,Not Applicable,_Z,Not Applicable,2021,1.812157825,WEF_TTDI,Travel & Tourism Development Index (TTDI),0,Units,NUMBER,Number (real number),602,CCYY,,A,Normal value,PU,Public
datastructure,WB.DATA360:DS_DATA360(1.2),I,A,Annual,MWI,Malawi,WEF_TTDI_HOMICIDERT,"Homicide cases per 100,000 pop",_T,Total,_T,All age ranges or no breakdown by age,_T,Total,NUMBER,Number,WEF_TTDI_VAL,Type: Value,_Z,Not Applicable,_Z,Not Applicable,2019,1.812157825,WEF_TTDI,Travel & Tourism Development Index (TTDI),0,Units,NUMBER,Number (real number),602,CCYY,,A,Normal value,PU,Public
datastructure,WB.DATA360:DS_DATA360(1.2),I,A,Annual,MYS,Malaysia,WEF_TTDI_HOMICIDERT,"Homicide cases per 100,000 pop",_T,Total,_T,All age ranges or no breakdown by age,_T,Total,NUMBER,Number,WEF_TTDI_VAL,Type: Value,_Z,Not Applicable,_Z,Not Applicable,2024,0.7237770762,WEF_TTDI,Travel & Tourism Development Index (TTDI),0,Units,NUMBER,Number (real number),602,CCYY,,A,Normal value,PU,Public
datastructure,WB.DATA360:DS_DATA360(1.2),I,A,Annual,MYS,Malaysia,WEF_TTDI_HOMICIDERT,"Homicide cases per 100,000 pop",_T,Total,_T,All age ranges or no breakdown by age,_T,Total,NUMBER,Number,WEF_TTDI_VAL,Type: Value,_Z,Not Applicable,_Z,Not Applicable,2021,2.127665134,WEF_TTDI,Travel & Tourism Development Index (TTDI),0,Units,NUMBER,Number (real number),602,CCYY,,A,Normal value,PU,Public
datastructure,WB.DATA360:DS_DATA360(1.2),I,A,Annual,MYS,Malaysia,WEF_TTDI_HOMICIDERT,"Homicide cases per 100,000 pop",_T,Total,_T,All age ranges or no breakdown by age,_T,Total,NUMBER,Number,WEF_TTDI_VAL,Type: Value,_Z,Not Applicable,_Z,Not Applicable,2019,2.127665134,WEF_TTDI,Travel & Tourism Development Index (TTDI),0,Units,NUMBER,Number (real number),602,CCYY,,A,Normal value,PU,Public
datastructure,WB.DATA360:DS_DATA360(1.2),I,A,Annual,MLI,Mali,WEF_TTDI_HOMICIDERT,"Homicide cases per 100,000 pop",_T,Total,_T,All age ranges or no breakdown by age,_T,Total,NUMBER,Number,WEF_TTDI_VAL,Type: Value,_Z,Not Applicable,_Z,Not Applicable,2024,10.66,WEF_TTDI,Travel & Tourism Development Index (TTDI),0,Units,NUMBER,Number (real number),602,CCYY,,A,Normal value,PU,Public
datastructure,WB.DATA360:DS_DATA360(1.2),I,A,Annual,MLI,Mali,WEF_TTDI_HOMICIDERT,"Homicide cases per 100,000 pop",_T,Total,_T,All age ranges or no breakdown by age,_T,Total,NUMBER,Number,WEF_TTDI_VAL,Type: Value,_Z,Not Applicable,_Z,Not Applicable,2021,10.66,WEF_TTDI,Travel & Tourism Development Index (TTDI),0,Units,NUMBER,Number (real number),602,CCYY,,A,Normal value,PU,Public
datastructure,WB.DATA360:DS_DATA360(1.2),I,A,Annual,MLI,Mali,WEF_TTDI_HOMICIDERT,"Homicide cases per 100,000 pop",_T,Total,_T,All age ranges or no breakdown by age,_T,Total,NUMBER,Number,WEF_TTDI_VAL,Type: Value,_Z,Not Applicable,_Z,Not Applicable,2019,11.02,WEF_TTDI,Travel & Tourism Development Index (TTDI),0,Units,NUMBER,Number (real number),602,CCYY,,A,Normal value,PU,Public
datastructure,WB.DATA360:DS_DATA360(1.2),I,A,Annual,MLT,Malta,WEF_TTDI_HOMICIDERT,"Homicide cases per 100,000 pop",_T,Total,_T,All age ranges or no breakdown by age,_T,Total,NUMBER,Number,WEF_TTDI_VAL,Type: Value,_Z,Not Applicable,_Z,Not Applicable,2024,0.3796882001,WEF_TTDI,Travel & Tourism Development Index (TTDI),0,Units,NUMBER,Number (real number),602,CCYY,,A,Normal value,PU,Public
datastructure,WB.DATA360:DS_DATA360(1.2),I,A,Annual,MLT,Malta,WEF_TTDI_HOMICIDERT,"Homicide cases per 100,000 pop",_T,Total,_T,All age ranges or no breakdown by age,_T,Total,NUMBER,Number,WEF_TTDI_VAL,Type: Value,_Z,Not Applicable,_Z,Not Applicable,2021,1.593607358,WEF_TTDI,Travel & Tourism Development Index (TTDI),0,Units,NUMBER,Number (real number),602,CCYY,,A,Normal value,PU,Public
datastructure,WB.DATA360:DS_DATA360(1.2),I,A,Annual,MLT,Malta,WEF_TTDI_HOMICIDERT,"Homicide cases per 100,000 pop",_T,Total,_T,All age ranges or no breakdown by age,_T,Total,NUMBER,Number,WEF_TTDI_VAL,Type: Value,_Z,Not Applicable,_Z,Not Applicable,2019,1.146528655,WEF_TTDI,Travel & Tourism Development Index (TTDI),0,Units,NUMBER,Number (real number),602,CCYY,,A,Normal value,PU,Public
datastructure,WB.DATA360:DS_DATA360(1.2),I,A,Annual,MUS,Mauritius,WEF_TTDI_HOMICIDERT,"Homicide cases per 100,000 pop",_T,Total,_T,All age ranges or no breakdown by age,_T,Total,NUMBER,Number,WEF_TTDI_VAL,Type: Value,_Z,Not Applicable,_Z,Not Applicable,2024,2.617570287,WEF_TTDI,Travel & Tourism Development Index (TTDI),0,Units,NUMBER,Number (real number),602,CCYY,,A,Normal value,PU,Public
datastructure,WB.DATA360:DS_DATA360(1.2),I,A,Annual,MUS,Mauritius,WEF_TTDI_HOMICIDERT,"Homicide cases per 100,000 pop",_T,Total,_T,All age ranges or no breakdown by age,_T,Total,NUMBER,Number,WEF_TTDI_VAL,Type: Value,_Z,Not Applicable,_Z,Not Applicable,2021,2.919860099,WEF_TTDI,Travel & Tourism Development Index (TTDI),0,Units,NUMBER,Number (real number),602,CCYY,,A,Normal value,PU,Public
datastructure,WB.DATA360:DS_DATA360(1.2),I,A,Annual,MUS,Mauritius,WEF_TTDI_HOMICIDERT,"Homicide cases per 100,000 pop",_T,Total,_T,All age ranges or no breakdown by age,_T,Total,NUMBER,Number,WEF_TTDI_VAL,Type: Value,_Z,Not Applicable,_Z,Not Applicable,2019,1.664196787,WEF_TTDI,Travel & Tourism Development Index (TTDI),0,Units,NUMBER,Number (real number),602,CCYY,,A,Normal value,PU,Public
datastructure,WB.DATA360:DS_DATA360(1.2),I,A,Annual,MEX,Mexico,WEF_TTDI_HOMICIDERT,"Homicide cases per 100,000 pop",_T,Total,_T,All age ranges or no breakdown by age,_T,Total,NUMBER,Number,WEF_TTDI_VAL,Type: Value,_Z,Not Applicable,_Z,Not Applicable,2024,28.17565299,WEF_TTDI,Travel & Tourism Development Index (TTDI),0,Units,NUMBER,Number (real number),602,CCYY,,A,Normal value,PU,Public
datastructure,WB.DATA360:DS_DATA360(1.2),I,A,Annual,MEX,Mexico,WEF_TTDI_HOMICIDERT,"Homicide cases per 100,000 pop",_T,Total,_T,All age ranges or no breakdown by age,_T,Total,NUMBER,Number,WEF_TTDI_VAL,Type: Value,_Z,Not Applicable,_Z,Not Applicable,2021,29.07106163,WEF_TTDI,Travel & Tourism Development Index (TTDI),0,Units,NUMBER,Number (real number),602,CCYY,,A,Normal value,PU,Public
datastructure,WB.DATA360:DS_DATA360(1.2),I,A,Annual,MEX,Mexico,WEF_TTDI_HOMICIDERT,"Homicide cases per 100,000 pop",_T,Total,_T,All age ranges or no breakdown by age,_T,Total,NUMBER,Number,WEF_TTDI_VAL,Type: Value,_Z,Not Applicable,_Z,Not Applicable,2019,19.91269533,WEF_TTDI,Travel & Tourism Development Index (TTDI),0,Units,NUMBER,Number (real number),602,CCYY,,A,Normal value,PU,Public
datastructure,WB.DATA360:DS_DATA360(1.2),I,A,Annual,MDA,Moldova,WEF_TTDI_HOMICIDERT,"Homicide cases per 100,000 pop",_T,Total,_T,All age ranges or no breakdown by age,_T,Total,NUMBER,Number,WEF_TTDI_VAL,Type: Value,_Z,Not Applicable,_Z,Not Applicable,2024,3.014736225,WEF_TTDI,Travel & Tourism Development Index (TTDI),0,Units,NUMBER,Number (real number),602,CCYY,,A,Normal value,PU,Public
datastructure,WB.DATA360:DS_DATA360(1.2),I,A,Annual,MDA,Moldova,WEF_TTDI_HOMICIDERT,"Homicide cases per 100,000 pop",_T,Total,_T,All age ranges or no breakdown by age,_T,Total,NUMBER,Number,WEF_TTDI_VAL,Type: Value,_Z,Not Applicable,_Z,Not Applicable,2021,4.096792902,WEF_TTDI,Travel & Tourism Development Index (TTDI),0,Units,NUMBER,Number (real number),602,CCYY,,A,Normal value,PU,Public
datastructure,WB.DATA360:DS_DATA360(1.2),I,A,Annual,MDA,Moldova,WEF_TTDI_HOMICIDERT,"Homicide cases per 100,000 pop",_T,Total,_T,All age ranges or no breakdown by age,_T,Total,NUMBER,Number,WEF_TTDI_VAL,Type: Value,_Z,Not Applicable,_Z,Not Applicable,2019,4.918823427,WEF_TTDI,Travel & Tourism Development Index (TTDI),0,Units,NUMBER,Number (real number),602,CCYY,,A,Normal value,PU,Public
datastructure,WB.DATA360:DS_DATA360(1.2),I,A,Annual,MNG,Mongolia,WEF_TTDI_HOMICIDERT,"Homicide cases per 100,000 pop",_T,Total,_T,All age ranges or no breakdown by age,_T,Total,NUMBER,Number,WEF_TTDI_VAL,Type: Value,_Z,Not Applicable,_Z,Not Applicable,2024,6.153326866,WEF_TTDI,Travel & Tourism Development Index (TTDI),0,Units,NUMBER,Number (real number),602,CCYY,,A,Normal value,PU,Public
datastructure,WB.DATA360:DS_DATA360(1.2),I,A,Annual,MNG,Mongolia,WEF_TTDI_HOMICIDERT,"Homicide cases per 100,000 pop",_T,Total,_T,All age ranges or no breakdown by age,_T,Total,NUMBER,Number,WEF_TTDI_VAL,Type: Value,_Z,Not Applicable,_Z,Not Applicable,2021,6.182547929,WEF_TTDI,Travel & Tourism Development Index (TTDI),0,Units,NUMBER,Number (real number),602,CCYY,,A,Normal value,PU,Public
datastructure,WB.DATA360:DS_DATA360(1.2),I,A,Annual,MNG,Mongolia,WEF_TTDI_HOMICIDERT,"Homicide cases per 100,000 pop",_T,Total,_T,All age ranges or no breakdown by age,_T,Total,NUMBER,Number,WEF_TTDI_VAL,Type: Value,_Z,Not Applicable,_Z,Not Applicable,2019,6.020237158,WEF_TTDI,Travel & Tourism Development Index (TTDI),0,Units,NUMBER,Number (real number),602,CCYY,,A,Normal value,PU,Public
datastructure,WB.DATA360:DS_DATA360(1.2),I,A,Annual,MNE,Montenegro,WEF_TTDI_HOMICIDERT,"Homicide cases per 100,000 pop",_T,Total,_T,All age ranges or no breakdown by age,_T,Total,NUMBER,Number,WEF_TTDI_VAL,Type: Value,_Z,Not Applicable,_Z,Not Applicable,2024,2.389073334,WEF_TTDI,Travel & Tourism Development Index (TTDI),0,Units,NUMBER,Number (real number),602,CCYY,,A,Normal value,PU,Public
datastructure,WB.DATA360:DS_DATA360(1.2),I,A,Annual,MNE,Montenegro,WEF_TTDI_HOMICIDERT,"Homicide cases per 100,000 pop",_T,Total,_T,All age ranges or no breakdown by age,_T,Total,NUMBER,Number,WEF_TTDI_VAL,Type: Value,_Z,Not Applicable,_Z,Not Applicable,2021,2.229998901,WEF_TTDI,Travel & Tourism Development Index (TTDI),0,Units,NUMBER,Number (real number),602,CCYY,,A,Normal value,PU,Public
datastructure,WB.DATA360:DS_DATA360(1.2),I,A,Annual,MNE,Montenegro,WEF_TTDI_HOMICIDERT,"Homicide cases per 100,000 pop",_T,Total,_T,All age ranges or no breakdown by age,_T,Total,NUMBER,Number,WEF_TTDI_VAL,Type: Value,_Z,Not Applicable,_Z,Not Applicable,2019,4.463780408,WEF_TTDI,Travel & Tourism Development Index (TTDI),0,Units,NUMBER,Number (real number),602,CCYY,,A,Normal value,PU,Public
datastructure,WB.DATA360:DS_DATA360(1.2),I,A,Annual,MAR,Morocco,WEF_TTDI_HOMICIDERT,"Homicide cases per 100,000 pop",_T,Total,_T,All age ranges or no breakdown by age,_T,Total,NUMBER,Number,WEF_TTDI_VAL,Type: Value,_Z,Not Applicable,_Z,Not Applicable,2024,1.931137967,WEF_TTDI,Travel & Tourism Development Index (TTDI),0,Units,NUMBER,Number (real number),602,CCYY,,A,Normal value,PU,Public
datastructure,WB.DATA360:DS_DATA360(1.2),I,A,Annual,MAR,Morocco,WEF_TTDI_HOMICIDERT,"Homicide cases per 100,000 pop",_T,Total,_T,All age ranges or no breakdown by age,_T,Total,NUMBER,Number,WEF_TTDI_VAL,Type: Value,_Z,Not Applicable,_Z,Not Applicable,2021,1.415522885,WEF_TTDI,Travel & Tourism Development Index (TTDI),0,Units,NUMBER,Number (real number),602,CCYY,,A,Normal value,PU,Public
datastructure,WB.DATA360:DS_DATA360(1.2),I,A,Annual,MAR,Morocco,WEF_TTDI_HOMICIDERT,"Homicide cases per 100,000 pop",_T,Total,_T,All age ranges or no breakdown by age,_T,Total,NUMBER,Number,WEF_TTDI_VAL,Type: Value,_Z,Not Applicable,_Z,Not Applicable,2019,1.691041868,WEF_TTDI,Travel & Tourism Development Index (TTDI),0,Units,NUMBER,Number (real number),602,CCYY,,A,Normal value,PU,Public
datastructure,WB.DATA360:DS_DATA360(1.2),I,A,Annual,NAM,Namibia,WEF_TTDI_HOMICIDERT,"Homicide cases per 100,000 pop",_T,Total,_T,All age ranges or no breakdown by age,_T,Total,NUMBER,Number,WEF_TTDI_VAL,Type: Value,_Z,Not Applicable,_Z,Not Applicable,2024,12.44985229,WEF_TTDI,Travel & Tourism Development Index (TTDI),0,Units,NUMBER,Number (real number),602,CCYY,,A,Normal value,PU,Public
datastructure,WB.DATA360:DS_DATA360(1.2),I,A,Annual,NAM,Namibia,WEF_TTDI_HOMICIDERT,"Homicide cases per 100,000 pop",_T,Total,_T,All age ranges or no breakdown by age,_T,Total,NUMBER,Number,WEF_TTDI_VAL,Type: Value,_Z,Not Applicable,_Z,Not Applicable,2021,17.67833361,WEF_TTDI,Travel & Tourism Development Index (TTDI),0,Units,NUMBER,Number (real number),602,CCYY,,A,Normal value,PU,Public
datastructure,WB.DATA360:DS_DATA360(1.2),I,A,Annual,NAM,Namibia,WEF_TTDI_HOMICIDERT,"Homicide cases per 100,000 pop",_T,Total,_T,All age ranges or no breakdown by age,_T,Total,NUMBER,Number,WEF_TTDI_VAL,Type: Value,_Z,Not Applicable,_Z,Not Applicable,2019,17.67833361,WEF_TTDI,Travel & Tourism Development Index (TTDI),0,Units,NUMBER,Number (real number),602,CCYY,,A,Normal value,PU,Public
datastructure,WB.DATA360:DS_DATA360(1.2),I,A,Annual,NPL,Nepal,WEF_TTDI_HOMICIDERT,"Homicide cases per 100,000 pop",_T,Total,_T,All age ranges or no breakdown by age,_T,Total,NUMBER,Number,WEF_TTDI_VAL,Type: Value,_Z,Not Applicable,_Z,Not Applicable,2024,2.285615548,WEF_TTDI,Travel & Tourism Development Index (TTDI),0,Units,NUMBER,Number (real number),602,CCYY,,A,Normal value,PU,Public
datastructure,WB.DATA360:DS_DATA360(1.2),I,A,Annual,NPL,Nepal,WEF_TTDI_HOMICIDERT,"Homicide cases per 100,000 pop",_T,Total,_T,All age ranges or no breakdown by age,_T,Total,NUMBER,Number,WEF_TTDI_VAL,Type: Value,_Z,Not Applicable,_Z,Not Applicable,2021,2.299783996,WEF_TTDI,Travel & Tourism Development Index (TTDI),0,Units,NUMBER,Number (real number),602,CCYY,,A,Normal value,PU,Public
datastructure,WB.DATA360:DS_DATA360(1.2),I,A,Annual,NPL,Nepal,WEF_TTDI_HOMICIDERT,"Homicide cases per 100,000 pop",_T,Total,_T,All age ranges or no breakdown by age,_T,Total,NUMBER,Number,WEF_TTDI_VAL,Type: Value,_Z,Not Applicable,_Z,Not Applicable,2019,2.299783996,WEF_TTDI,Travel & Tourism Development Index (TTDI),0,Units,NUMBER,Number (real number),602,CCYY,,A,Normal value,PU,Public
datastructure,WB.DATA360:DS_DATA360(1.2),I,A,Annual,NLD,Netherlands,WEF_TTDI_HOMICIDERT,"Homicide cases per 100,000 pop",_T,Total,_T,All age ranges or no breakdown by age,_T,Total,NUMBER,Number,WEF_TTDI_VAL,Type: Value,_Z,Not Applicable,_Z,Not Applicable,2024,0.6513654634,WEF_TTDI,Travel & Tourism Development Index (TTDI),0,Units,NUMBER,Number (real number),602,CCYY,,A,Normal value,PU,Public
datastructure,WB.DATA360:DS_DATA360(1.2),I,A,Annual,NLD,Netherlands,WEF_TTDI_HOMICIDERT,"Homicide cases per 100,000 pop",_T,Total,_T,All age ranges or no breakdown by age,_T,Total,NUMBER,Number,WEF_TTDI_VAL,Type: Value,_Z,Not Applicable,_Z,Not Applicable,2021,0.58618159,WEF_TTDI,Travel & Tourism Development Index (TTDI),0,Units,NUMBER,Number (real number),602,CCYY,,A,Normal value,PU,Public
datastructure,WB.DATA360:DS_DATA360(1.2),I,A,Annual,NLD,Netherlands,WEF_TTDI_HOMICIDERT,"Homicide cases per 100,000 pop",_T,Total,_T,All age ranges or no breakdown by age,_T,Total,NUMBER,Number,WEF_TTDI_VAL,Type: Value,_Z,Not Applicable,_Z,Not Applicable,2019,0.553550571,WEF_TTDI,Travel & Tourism Development Index (TTDI),0,Units,NUMBER,Number (real number),602,CCYY,,A,Normal value,PU,Public
datastructure,WB.DATA360:DS_DATA360(1.2),I,A,Annual,NZL,New Zealand,WEF_TTDI_HOMICIDERT,"Homicide cases per 100,000 pop",_T,Total,_T,All age ranges or no breakdown by age,_T,Total,NUMBER,Number,WEF_TTDI_VAL,Type: Value,_Z,Not Applicable,_Z,Not Applicable,2024,2.601313078,WEF_TTDI,Travel & Tourism Development Index (TTDI),0,Units,NUMBER,Number (real number),602,CCYY,,A,Normal value,PU,Public
datastructure,WB.DATA360:DS_DATA360(1.2),I,A,Annual,NZL,New Zealand,WEF_TTDI_HOMICIDERT,"Homicide cases per 100,000 pop",_T,Total,_T,All age ranges or no breakdown by age,_T,Total,NUMBER,Number,WEF_TTDI_VAL,Type: Value,_Z,Not Applicable,_Z,Not Applicable,2021,0.744359509,WEF_TTDI,Travel & Tourism Development Index (TTDI),0,Units,NUMBER,Number (real number),602,CCYY,,A,Normal value,PU,Public
datastructure,WB.DATA360:DS_DATA360(1.2),I,A,Annual,NZL,New Zealand,WEF_TTDI_HOMICIDERT,"Homicide cases per 100,000 pop",_T,Total,_T,All age ranges or no breakdown by age,_T,Total,NUMBER,Number,WEF_TTDI_VAL,Type: Value,_Z,Not Applicable,_Z,Not Applicable,2019,1.073130633,WEF_TTDI,Travel & Tourism Development Index (TTDI),0,Units,NUMBER,Number (real number),602,CCYY,,A,Normal value,PU,Public
datastructure,WB.DATA360:DS_DATA360(1.2),I,A,Annual,NIC,Nicaragua,WEF_TTDI_HOMICIDERT,"Homicide cases per 100,000 pop",_T,Total,_T,All age ranges or no breakdown by age,_T,Total,NUMBER,Number,WEF_TTDI_VAL,Type: Value,_Z,Not Applicable,_Z,Not Applicable,2024,11.00643161,WEF_TTDI,Travel & Tourism Development Index (TTDI),0,Units,NUMBER,Number (real number),602,CCYY,,A,Normal value,PU,Public
datastructure,WB.DATA360:DS_DATA360(1.2),I,A,Annual,NIC,Nicaragua,WEF_TTDI_HOMICIDERT,"Homicide cases per 100,000 pop",_T,Total,_T,All age ranges or no breakdown by age,_T,Total,NUMBER,Number,WEF_TTDI_VAL,Type: Value,_Z,Not Applicable,_Z,Not Applicable,2021,7.185947903,WEF_TTDI,Travel & Tourism Development Index (TTDI),0,Units,NUMBER,Number (real number),602,CCYY,,A,Normal value,PU,Public
datastructure,WB.DATA360:DS_DATA360(1.2),I,A,Annual,NIC,Nicaragua,WEF_TTDI_HOMICIDERT,"Homicide cases per 100,000 pop",_T,Total,_T,All age ranges or no breakdown by age,_T,Total,NUMBER,Number,WEF_TTDI_VAL,Type: Value,_Z,Not Applicable,_Z,Not Applicable,2019,7.185947903,WEF_TTDI,Travel & Tourism Development Index (TTDI),0,Units,NUMBER,Number (real number),602,CCYY,,A,Normal value,PU,Public
datastructure,WB.DATA360:DS_DATA360(1.2),I,A,Annual,NGA,Nigeria,WEF_TTDI_HOMICIDERT,"Homicide cases per 100,000 pop",_T,Total,_T,All age ranges or no breakdown by age,_T,Total,NUMBER,Number,WEF_TTDI_VAL,Type: Value,_Z,Not Applicable,_Z,Not Applicable,2024,21.74078874,WEF_TTDI,Travel & Tourism Development Index (TTDI),0,Units,NUMBER,Number (real number),602,CCYY,,A,Normal value,PU,Public
datastructure,WB.DATA360:DS_DATA360(1.2),I,A,Annual,NGA,Nigeria,WEF_TTDI_HOMICIDERT,"Homicide cases per 100,000 pop",_T,Total,_T,All age ranges or no breakdown by age,_T,Total,NUMBER,Number,WEF_TTDI_VAL,Type: Value,_Z,Not Applicable,_Z,Not Applicable,2021,34.5240459,WEF_TTDI,Travel & Tourism Development Index (TTDI),0,Units,NUMBER,Number (real number),602,CCYY,,A,Normal value,PU,Public
datastructure,WB.DATA360:DS_DATA360(1.2),I,A,Annual,NGA,Nigeria,WEF_TTDI_HOMICIDERT,"Homicide cases per 100,000 pop",_T,Total,_T,All age ranges or no breakdown by age,_T,Total,NUMBER,Number,WEF_TTDI_VAL,Type: Value,_Z,Not Applicable,_Z,Not Applicable,2019,34.5240459,WEF_TTDI,Travel & Tourism Development Index (TTDI),0,Units,NUMBER,Number (real number),602,CCYY,,A,Normal value,PU,Public
datastructure,WB.DATA360:DS_DATA360(1.2),I,A,Annual,OMN,Oman,WEF_TTDI_HOMICIDERT,"Homicide cases per 100,000 pop",_T,Total,_T,All age ranges or no breakdown by age,_T,Total,NUMBER,Number,WEF_TTDI_VAL,Type: Value,_Z,Not Applicable,_Z,Not Applicable,2024,0.2433374752,WEF_TTDI,Travel & Tourism Development Index (TTDI),0,Units,NUMBER,Number (real number),602,CCYY,,A,Normal value,PU,Public
datastructure,WB.DATA360:DS_DATA360(1.2),I,A,Annual,OMN,Oman,WEF_TTDI_HOMICIDERT,"Homicide cases per 100,000 pop",_T,Total,_T,All age ranges or no breakdown by age,_T,Total,NUMBER,Number,WEF_TTDI_VAL,Type: Value,_Z,Not Applicable,_Z,Not Applicable,2021,0.269180342,WEF_TTDI,Travel & Tourism Development Index (TTDI),0,Units,NUMBER,Number (real number),602,CCYY,,A,Normal value,PU,Public
datastructure,WB.DATA360:DS_DATA360(1.2),I,A,Annual,OMN,Oman,WEF_TTDI_HOMICIDERT,"Homicide cases per 100,000 pop",_T,Total,_T,All age ranges or no breakdown by age,_T,Total,NUMBER,Number,WEF_TTDI_VAL,Type: Value,_Z,Not Applicable,_Z,Not Applicable,2019,0.401855949,WEF_TTDI,Travel & Tourism Development Index (TTDI),0,Units,NUMBER,Number (real number),602,CCYY,,A,Normal value,PU,Public
datastructure,WB.DATA360:DS_DATA360(1.2),I,A,Annual,PAK,Pakistan,WEF_TTDI_HOMICIDERT,"Homicide cases per 100,000 pop",_T,Total,_T,All age ranges or no breakdown by age,_T,Total,NUMBER,Number,WEF_TTDI_VAL,Type: Value,_Z,Not Applicable,_Z,Not Applicable,2024,3.978788154,WEF_TTDI,Travel & Tourism Development Index (TTDI),0,Units,NUMBER,Number (real number),602,CCYY,,A,Normal value,PU,Public
datastructure,WB.DATA360:DS_DATA360(1.2),I,A,Annual,PAK,Pakistan,WEF_TTDI_HOMICIDERT,"Homicide cases per 100,000 pop",_T,Total,_T,All age ranges or no breakdown by age,_T,Total,NUMBER,Number,WEF_TTDI_VAL,Type: Value,_Z,Not Applicable,_Z,Not Applicable,2021,3.88308273,WEF_TTDI,Travel & Tourism Development Index (TTDI),0,Units,NUMBER,Number (real number),602,CCYY,,A,Normal value,PU,Public
datastructure,WB.DATA360:DS_DATA360(1.2),I,A,Annual,PAK,Pakistan,WEF_TTDI_HOMICIDERT,"Homicide cases per 100,000 pop",_T,Total,_T,All age ranges or no breakdown by age,_T,Total,NUMBER,Number,WEF_TTDI_VAL,Type: Value,_Z,Not Applicable,_Z,Not Applicable,2019,4.182067127,WEF_TTDI,Travel & Tourism Development Index (TTDI),0,Units,NUMBER,Number (real number),602,CCYY,,A,Normal value,PU,Public
datastructure,WB.DATA360:DS_DATA360(1.2),I,A,Annual,PAN,Panama,WEF_TTDI_HOMICIDERT,"Homicide cases per 100,000 pop",_T,Total,_T,All age ranges or no breakdown by age,_T,Total,NUMBER,Number,WEF_TTDI_VAL,Type: Value,_Z,Not Applicable,_Z,Not Applicable,2024,12.63999658,WEF_TTDI,Travel & Tourism Development Index (TTDI),0,Units,NUMBER,Number (real number),602,CCYY,,A,Normal value,PU,Public
datastructure,WB.DATA360:DS_DATA360(1.2),I,A,Annual,PAN,Panama,WEF_TTDI_HOMICIDERT,"Homicide cases per 100,000 pop",_T,Total,_T,All age ranges or no breakdown by age,_T,Total,NUMBER,Number,WEF_TTDI_VAL,Type: Value,_Z,Not Applicable,_Z,Not Applicable,2021,9.385022462,WEF_TTDI,Travel & Tourism Development Index (TTDI),0,Units,NUMBER,Number (real number),602,CCYY,,A,Normal value,PU,Public
datastructure,WB.DATA360:DS_DATA360(1.2),I,A,Annual,PAN,Panama,WEF_TTDI_HOMICIDERT,"Homicide cases per 100,000 pop",_T,Total,_T,All age ranges or no breakdown by age,_T,Total,NUMBER,Number,WEF_TTDI_VAL,Type: Value,_Z,Not Applicable,_Z,Not Applicable,2019,10.03202072,WEF_TTDI,Travel & Tourism Development Index (TTDI),0,Units,NUMBER,Number (real number),602,CCYY,,A,Normal value,PU,Public
datastructure,WB.DATA360:DS_DATA360(1.2),I,A,Annual,PRY,Paraguay,WEF_TTDI_HOMICIDERT,"Homicide cases per 100,000 pop",_T,Total,_T,All age ranges or no breakdown by age,_T,Total,NUMBER,Number,WEF_TTDI_VAL,Type: Value,_Z,Not Applicable,_Z,Not Applicable,2024,7.831380386,WEF_TTDI,Travel & Tourism Development Index (TTDI),0,Units,NUMBER,Number (real number),602,CCYY,,A,Normal value,PU,Public
datastructure,WB.DATA360:DS_DATA360(1.2),I,A,Annual,PRY,Paraguay,WEF_TTDI_HOMICIDERT,"Homicide cases per 100,000 pop",_T,Total,_T,All age ranges or no breakdown by age,_T,Total,NUMBER,Number,WEF_TTDI_VAL,Type: Value,_Z,Not Applicable,_Z,Not Applicable,2021,7.144839995,WEF_TTDI,Travel & Tourism Development Index (TTDI),0,Units,NUMBER,Number (real number),602,CCYY,,A,Normal value,PU,Public
datastructure,WB.DATA360:DS_DATA360(1.2),I,A,Annual,PRY,Paraguay,WEF_TTDI_HOMICIDERT,"Homicide cases per 100,000 pop",_T,Total,_T,All age ranges or no breakdown by age,_T,Total,NUMBER,Number,WEF_TTDI_VAL,Type: Value,_Z,Not Applicable,_Z,Not Applicable,2019,9.870345852,WEF_TTDI,Travel & Tourism Development Index (TTDI),0,Units,NUMBER,Number (real number),602,CCYY,,A,Normal value,PU,Public
datastructure,WB.DATA360:DS_DATA360(1.2),I,A,Annual,PER,Peru,WEF_TTDI_HOMICIDERT,"Homicide cases per 100,000 pop",_T,Total,_T,All age ranges or no breakdown by age,_T,Total,NUMBER,Number,WEF_TTDI_VAL,Type: Value,_Z,Not Applicable,_Z,Not Applicable,2024,5.71389864,WEF_TTDI,Travel & Tourism Development Index (TTDI),0,Units,NUMBER,Number (real number),602,CCYY,,A,Normal value,PU,Public
datastructure,WB.DATA360:DS_DATA360(1.2),I,A,Annual,PER,Peru,WEF_TTDI_HOMICIDERT,"Homicide cases per 100,000 pop",_T,Total,_T,All age ranges or no breakdown by age,_T,Total,NUMBER,Number,WEF_TTDI_VAL,Type: Value,_Z,Not Applicable,_Z,Not Applicable,2021,7.909223863,WEF_TTDI,Travel & Tourism Development Index (TTDI),0,Units,NUMBER,Number (real number),602,CCYY,,A,Normal value,PU,Public
datastructure,WB.DATA360:DS_DATA360(1.2),I,A,Annual,PER,Peru,WEF_TTDI_HOMICIDERT,"Homicide cases per 100,000 pop",_T,Total,_T,All age ranges or no breakdown by age,_T,Total,NUMBER,Number,WEF_TTDI_VAL,Type: Value,_Z,Not Applicable,_Z,Not Applicable,2019,7.87362467,WEF_TTDI,Travel & Tourism Development Index (TTDI),0,Units,NUMBER,Number (real number),602,CCYY,,A,Normal value,PU,Public
datastructure,WB.DATA360:DS_DATA360(1.2),I,A,Annual,PHL,Philippines,WEF_TTDI_HOMICIDERT,"Homicide cases per 100,000 pop",_T,Total,_T,All age ranges or no breakdown by age,_T,Total,NUMBER,Number,WEF_TTDI_VAL,Type: Value,_Z,Not Applicable,_Z,Not Applicable,2024,4.315967818,WEF_TTDI,Travel & Tourism Development Index (TTDI),0,Units,NUMBER,Number (real number),602,CCYY,,A,Normal value,PU,Public
datastructure,WB.DATA360:DS_DATA360(1.2),I,A,Annual,PHL,Philippines,WEF_TTDI_HOMICIDERT,"Homicide cases per 100,000 pop",_T,Total,_T,All age ranges or no breakdown by age,_T,Total,NUMBER,Number,WEF_TTDI_VAL,Type: Value,_Z,Not Applicable,_Z,Not Applicable,2021,6.464988165,WEF_TTDI,Travel & Tourism Development Index (TTDI),0,Units,NUMBER,Number (real number),602,CCYY,,A,Normal value,PU,Public
datastructure,WB.DATA360:DS_DATA360(1.2),I,A,Annual,PHL,Philippines,WEF_TTDI_HOMICIDERT,"Homicide cases per 100,000 pop",_T,Total,_T,All age ranges or no breakdown by age,_T,Total,NUMBER,Number,WEF_TTDI_VAL,Type: Value,_Z,Not Applicable,_Z,Not Applicable,2019,10.9768296,WEF_TTDI,Travel & Tourism Development Index (TTDI),0,Units,NUMBER,Number (real number),602,CCYY,,A,Normal value,PU,Public
datastructure,WB.DATA360:DS_DATA360(1.2),I,A,Annual,POL,Poland,WEF_TTDI_HOMICIDERT,"Homicide cases per 100,000 pop",_T,Total,_T,All age ranges or no breakdown by age,_T,Total,NUMBER,Number,WEF_TTDI_VAL,Type: Value,_Z,Not Applicable,_Z,Not Applicable,2024,0.7126499849,WEF_TTDI,Travel & Tourism Development Index (TTDI),0,Units,NUMBER,Number (real number),602,CCYY,,A,Normal value,PU,Public
datastructure,WB.DATA360:DS_DATA360(1.2),I,A,Annual,POL,Poland,WEF_TTDI_HOMICIDERT,"Homicide cases per 100,000 pop",_T,Total,_T,All age ranges or no breakdown by age,_T,Total,NUMBER,Number,WEF_TTDI_VAL,Type: Value,_Z,Not Applicable,_Z,Not Applicable,2021,0.7304547,WEF_TTDI,Travel & Tourism Development Index (TTDI),0,Units,NUMBER,Number (real number),602,CCYY,,A,Normal value,PU,Public
datastructure,WB.DATA360:DS_DATA360(1.2),I,A,Annual,POL,Poland,WEF_TTDI_HOMICIDERT,"Homicide cases per 100,000 pop",_T,Total,_T,All age ranges or no breakdown by age,_T,Total,NUMBER,Number,WEF_TTDI_VAL,Type: Value,_Z,Not Applicable,_Z,Not Applicable,2019,0.684404717,WEF_TTDI,Travel & Tourism Development Index (TTDI),0,Units,NUMBER,Number (real number),602,CCYY,,A,Normal value,PU,Public
datastructure,WB.DATA360:DS_DATA360(1.2),I,A,Annual,PRT,Portugal,WEF_TTDI_HOMICIDERT,"Homicide cases per 100,000 pop",_T,Total,_T,All age ranges or no breakdown by age,_T,Total,NUMBER,Number,WEF_TTDI_VAL,Type: Value,_Z,Not Applicable,_Z,Not Applicable,2024,0.7968822081,WEF_TTDI,Travel & Tourism Development Index (TTDI),0,Units,NUMBER,Number (real number),602,CCYY,,A,Normal value,PU,Public
datastructure,WB.DATA360:DS_DATA360(1.2),I,A,Annual,PRT,Portugal,WEF_TTDI_HOMICIDERT,"Homicide cases per 100,000 pop",_T,Total,_T,All age ranges or no breakdown by age,_T,Total,NUMBER,Number,WEF_TTDI_VAL,Type: Value,_Z,Not Applicable,_Z,Not Applicable,2021,0.789766806,WEF_TTDI,Travel & Tourism Development Index (TTDI),0,Units,NUMBER,Number (real number),602,CCYY,,A,Normal value,PU,Public
datastructure,WB.DATA360:DS_DATA360(1.2),I,A,Annual,PRT,Portugal,WEF_TTDI_HOMICIDERT,"Homicide cases per 100,000 pop",_T,Total,_T,All age ranges or no breakdown by age,_T,Total,NUMBER,Number,WEF_TTDI_VAL,Type: Value,_Z,Not Applicable,_Z,Not Applicable,2019,0.639191752,WEF_TTDI,Travel & Tourism Development Index (TTDI),0,Units,NUMBER,Number (real number),602,CCYY,,A,Normal value,PU,Public
datastructure,WB.DATA360:DS_DATA360(1.2),I,A,Annual,QAT,Qatar,WEF_TTDI_HOMICIDERT,"Homicide cases per 100,000 pop",_T,Total,_T,All age ranges or no breakdown by age,_T,Total,NUMBER,Number,WEF_TTDI_VAL,Type: Value,_Z,Not Applicable,_Z,Not Applicable,2024,0.3347921592,WEF_TTDI,Travel & Tourism Development Index (TTDI),0,Units,NUMBER,Number (real number),602,CCYY,,A,Normal value,PU,Public
datastructure,WB.DATA360:DS_DATA360(1.2),I,A,Annual,QAT,Qatar,WEF_TTDI_HOMICIDERT,"Homicide cases per 100,000 pop",_T,Total,_T,All age ranges or no breakdown by age,_T,Total,NUMBER,Number,WEF_TTDI_VAL,Type: Value,_Z,Not Applicable,_Z,Not Applicable,2021,0.365972376,WEF_TTDI,Travel & Tourism Development Index (TTDI),0,Units,NUMBER,Number (real number),602,CCYY,,A,Normal value,PU,Public
datastructure,WB.DATA360:DS_DATA360(1.2),I,A,Annual,QAT,Qatar,WEF_TTDI_HOMICIDERT,"Homicide cases per 100,000 pop",_T,Total,_T,All age ranges or no breakdown by age,_T,Total,NUMBER,Number,WEF_TTDI_VAL,Type: Value,_Z,Not Applicable,_Z,Not Applicable,2019,0.365972376,WEF_TTDI,Travel & Tourism Development Index (TTDI),0,Units,NUMBER,Number (real number),602,CCYY,,A,Normal value,PU,Public
datastructure,WB.DATA360:DS_DATA360(1.2),I,A,Annual,ROU,Romania,WEF_TTDI_HOMICIDERT,"Homicide cases per 100,000 pop",_T,Total,_T,All age ranges or no breakdown by age,_T,Total,NUMBER,Number,WEF_TTDI_VAL,Type: Value,_Z,Not Applicable,_Z,Not Applicable,2024,1.262380643,WEF_TTDI,Travel & Tourism Development Index (TTDI),0,Units,NUMBER,Number (real number),602,CCYY,,A,Normal value,PU,Public
datastructure,WB.DATA360:DS_DATA360(1.2),I,A,Annual,ROU,Romania,WEF_TTDI_HOMICIDERT,"Homicide cases per 100,000 pop",_T,Total,_T,All age ranges or no breakdown by age,_T,Total,NUMBER,Number,WEF_TTDI_VAL,Type: Value,_Z,Not Applicable,_Z,Not Applicable,2021,1.281649699,WEF_TTDI,Travel & Tourism Development Index (TTDI),0,Units,NUMBER,Number (real number),602,CCYY,,A,Normal value,PU,Public
datastructure,WB.DATA360:DS_DATA360(1.2),I,A,Annual,ROU,Romania,WEF_TTDI_HOMICIDERT,"Homicide cases per 100,000 pop",_T,Total,_T,All age ranges or no breakdown by age,_T,Total,NUMBER,Number,WEF_TTDI_VAL,Type: Value,_Z,Not Applicable,_Z,Not Applicable,2019,1.545744958,WEF_TTDI,Travel & Tourism Development Index (TTDI),0,Units,NUMBER,Number (real number),602,CCYY,,A,Normal value,PU,Public
datastructure,WB.DATA360:DS_DATA360(1.2),I,A,Annual,RWA,Rwanda,WEF_TTDI_HOMICIDERT,"Homicide cases per 100,000 pop",_T,Total,_T,All age ranges or no breakdown by age,_T,Total,NUMBER,Number,WEF_TTDI_VAL,Type: Value,_Z,Not Applicable,_Z,Not Applicable,2024,3.590347033,WEF_TTDI,Travel & Tourism Development Index (TTDI),0,Units,NUMBER,Number (real number),602,CCYY,,A,Normal value,PU,Public
datastructure,WB.DATA360:DS_DATA360(1.2),I,A,Annual,RWA,Rwanda,WEF_TTDI_HOMICIDERT,"Homicide cases per 100,000 pop",_T,Total,_T,All age ranges or no breakdown by age,_T,Total,NUMBER,Number,WEF_TTDI_VAL,Type: Value,_Z,Not Applicable,_Z,Not Applicable,2021,2.577168608,WEF_TTDI,Travel & Tourism Development Index (TTDI),0,Units,NUMBER,Number (real number),602,CCYY,,A,Normal value,PU,Public
datastructure,WB.DATA360:DS_DATA360(1.2),I,A,Annual,RWA,Rwanda,WEF_TTDI_HOMICIDERT,"Homicide cases per 100,000 pop",_T,Total,_T,All age ranges or no breakdown by age,_T,Total,NUMBER,Number,WEF_TTDI_VAL,Type: Value,_Z,Not Applicable,_Z,Not Applicable,2019,2.577168608,WEF_TTDI,Travel & Tourism Development Index (TTDI),0,Units,NUMBER,Number (real number),602,CCYY,,A,Normal value,PU,Public
datastructure,WB.DATA360:DS_DATA360(1.2),I,A,Annual,SAU,Saudi Arabia,WEF_TTDI_HOMICIDERT,"Homicide cases per 100,000 pop",_T,Total,_T,All age ranges or no breakdown by age,_T,Total,NUMBER,Number,WEF_TTDI_VAL,Type: Value,_Z,Not Applicable,_Z,Not Applicable,2024,0.7954813977,WEF_TTDI,Travel & Tourism Development Index (TTDI),0,Units,NUMBER,Number (real number),602,CCYY,,A,Normal value,PU,Public
datastructure,WB.DATA360:DS_DATA360(1.2),I,A,Annual,SAU,Saudi Arabia,WEF_TTDI_HOMICIDERT,"Homicide cases per 100,000 pop",_T,Total,_T,All age ranges or no breakdown by age,_T,Total,NUMBER,Number,WEF_TTDI_VAL,Type: Value,_Z,Not Applicable,_Z,Not Applicable,2021,1.265815787,WEF_TTDI,Travel & Tourism Development Index (TTDI),0,Units,NUMBER,Number (real number),602,CCYY,,A,Normal value,PU,Public
datastructure,WB.DATA360:DS_DATA360(1.2),I,A,Annual,SAU,Saudi Arabia,WEF_TTDI_HOMICIDERT,"Homicide cases per 100,000 pop",_T,Total,_T,All age ranges or no breakdown by age,_T,Total,NUMBER,Number,WEF_TTDI_VAL,Type: Value,_Z,Not Applicable,_Z,Not Applicable,2019,1.265815787,WEF_TTDI,Travel & Tourism Development Index (TTDI),0,Units,NUMBER,Number (real number),602,CCYY,,A,Normal value,PU,Public
datastructure,WB.DATA360:DS_DATA360(1.2),I,A,Annual,SEN,Senegal,WEF_TTDI_HOMICIDERT,"Homicide cases per 100,000 pop",_T,Total,_T,All age ranges or no breakdown by age,_T,Total,NUMBER,Number,WEF_TTDI_VAL,Type: Value,_Z,Not Applicable,_Z,Not Applicable,2024,7.65,WEF_TTDI,Travel & Tourism Development Index (TTDI),0,Units,NUMBER,Number (real number),602,CCYY,,A,Normal value,PU,Public
datastructure,WB.DATA360:DS_DATA360(1.2),I,A,Annual,SEN,Senegal,WEF_TTDI_HOMICIDERT,"Homicide cases per 100,000 pop",_T,Total,_T,All age ranges or no breakdown by age,_T,Total,NUMBER,Number,WEF_TTDI_VAL,Type: Value,_Z,Not Applicable,_Z,Not Applicable,2021,0.267518152,WEF_TTDI,Travel & Tourism Development Index (TTDI),0,Units,NUMBER,Number (real number),602,CCYY,,A,Normal value,PU,Public
datastructure,WB.DATA360:DS_DATA360(1.2),I,A,Annual,SEN,Senegal,WEF_TTDI_HOMICIDERT,"Homicide cases per 100,000 pop",_T,Total,_T,All age ranges or no breakdown by age,_T,Total,NUMBER,Number,WEF_TTDI_VAL,Type: Value,_Z,Not Applicable,_Z,Not Applicable,2019,0.267518152,WEF_TTDI,Travel & Tourism Development Index (TTDI),0,Units,NUMBER,Number (real number),602,CCYY,,A,Normal value,PU,Public
datastructure,WB.DATA360:DS_DATA360(1.2),I,A,Annual,SRB,Serbia,WEF_TTDI_HOMICIDERT,"Homicide cases per 100,000 pop",_T,Total,_T,All age ranges or no breakdown by age,_T,Total,NUMBER,Number,WEF_TTDI_VAL,Type: Value,_Z,Not Applicable,_Z,Not Applicable,2024,1.055261655,WEF_TTDI,Travel & Tourism Development Index (TTDI),0,Units,NUMBER,Number (real number),602,CCYY,,A,Normal value,PU,Public
datastructure,WB.DATA360:DS_DATA360(1.2),I,A,Annual,SRB,Serbia,WEF_TTDI_HOMICIDERT,"Homicide cases per 100,000 pop",_T,Total,_T,All age ranges or no breakdown by age,_T,Total,NUMBER,Number,WEF_TTDI_VAL,Type: Value,_Z,Not Applicable,_Z,Not Applicable,2021,1.226890579,WEF_TTDI,Travel & Tourism Development Index (TTDI),0,Units,NUMBER,Number (real number),602,CCYY,,A,Normal value,PU,Public
datastructure,WB.DATA360:DS_DATA360(1.2),I,A,Annual,SRB,Serbia,WEF_TTDI_HOMICIDERT,"Homicide cases per 100,000 pop",_T,Total,_T,All age ranges or no breakdown by age,_T,Total,NUMBER,Number,WEF_TTDI_VAL,Type: Value,_Z,Not Applicable,_Z,Not Applicable,2019,1.389208426,WEF_TTDI,Travel & Tourism Development Index (TTDI),0,Units,NUMBER,Number (real number),602,CCYY,,A,Normal value,PU,Public
datastructure,WB.DATA360:DS_DATA360(1.2),I,A,Annual,SLE,Sierra Leone,WEF_TTDI_HOMICIDERT,"Homicide cases per 100,000 pop",_T,Total,_T,All age ranges or no breakdown by age,_T,Total,NUMBER,Number,WEF_TTDI_VAL,Type: Value,_Z,Not Applicable,_Z,Not Applicable,2024,2.137486405,WEF_TTDI,Travel & Tourism Development Index (TTDI),0,Units,NUMBER,Number (real number),602,CCYY,,A,Normal value,PU,Public
datastructure,WB.DATA360:DS_DATA360(1.2),I,A,Annual,SLE,Sierra Leone,WEF_TTDI_HOMICIDERT,"Homicide cases per 100,000 pop",_T,Total,_T,All age ranges or no breakdown by age,_T,Total,NUMBER,Number,WEF_TTDI_VAL,Type: Value,_Z,Not Applicable,_Z,Not Applicable,2021,1.728967838,WEF_TTDI,Travel & Tourism Development Index (TTDI),0,Units,NUMBER,Number (real number),602,CCYY,,A,Normal value,PU,Public
datastructure,WB.DATA360:DS_DATA360(1.2),I,A,Annual,SLE,Sierra Leone,WEF_TTDI_HOMICIDERT,"Homicide cases per 100,000 pop",_T,Total,_T,All age ranges or no breakdown by age,_T,Total,NUMBER,Number,WEF_TTDI_VAL,Type: Value,_Z,Not Applicable,_Z,Not Applicable,2019,1.728967838,WEF_TTDI,Travel & Tourism Development Index (TTDI),0,Units,NUMBER,Number (real number),602,CCYY,,A,Normal value,PU,Public
datastructure,WB.DATA360:DS_DATA360(1.2),I,A,Annual,SGP,Singapore,WEF_TTDI_HOMICIDERT,"Homicide cases per 100,000 pop",_T,Total,_T,All age ranges or no breakdown by age,_T,Total,NUMBER,Number,WEF_TTDI_VAL,Type: Value,_Z,Not Applicable,_Z,Not Applicable,2024,0.1009920704,WEF_TTDI,Travel & Tourism Development Index (TTDI),0,Units,NUMBER,Number (real number),602,CCYY,,A,Normal value,PU,Public
datastructure,WB.DATA360:DS_DATA360(1.2),I,A,Annual,SGP,Singapore,WEF_TTDI_HOMICIDERT,"Homicide cases per 100,000 pop",_T,Total,_T,All age ranges or no breakdown by age,_T,Total,NUMBER,Number,WEF_TTDI_VAL,Type: Value,_Z,Not Applicable,_Z,Not Applicable,2021,0.156317765,WEF_TTDI,Travel & Tourism Development Index (TTDI),0,Units,NUMBER,Number (real number),602,CCYY,,A,Normal value,PU,Public
datastructure,WB.DATA360:DS_DATA360(1.2),I,A,Annual,SGP,Singapore,WEF_TTDI_HOMICIDERT,"Homicide cases per 100,000 pop",_T,Total,_T,All age ranges or no breakdown by age,_T,Total,NUMBER,Number,WEF_TTDI_VAL,Type: Value,_Z,Not Applicable,_Z,Not Applicable,2019,0.318379801,WEF_TTDI,Travel & Tourism Development Index (TTDI),0,Units,NUMBER,Number (real number),602,CCYY,,A,Normal value,PU,Public
datastructure,WB.DATA360:DS_DATA360(1.2),I,A,Annual,SVK,Slovak Republic,WEF_TTDI_HOMICIDERT,"Homicide cases per 100,000 pop",_T,Total,_T,All age ranges or no breakdown by age,_T,Total,NUMBER,Number,WEF_TTDI_VAL,Type: Value,_Z,Not Applicable,_Z,Not Applicable,2024,1.009614837,WEF_TTDI,Travel & Tourism Development Index (TTDI),0,Units,NUMBER,Number (real number),602,CCYY,,A,Normal value,PU,Public
datastructure,WB.DATA360:DS_DATA360(1.2),I,A,Annual,SVK,Slovak Republic,WEF_TTDI_HOMICIDERT,"Homicide cases per 100,000 pop",_T,Total,_T,All age ranges or no breakdown by age,_T,Total,NUMBER,Number,WEF_TTDI_VAL,Type: Value,_Z,Not Applicable,_Z,Not Applicable,2021,1.136985269,WEF_TTDI,Travel & Tourism Development Index (TTDI),0,Units,NUMBER,Number (real number),602,CCYY,,A,Normal value,PU,Public
datastructure,WB.DATA360:DS_DATA360(1.2),I,A,Annual,SVK,Slovak Republic,WEF_TTDI_HOMICIDERT,"Homicide cases per 100,000 pop",_T,Total,_T,All age ranges or no breakdown by age,_T,Total,NUMBER,Number,WEF_TTDI_VAL,Type: Value,_Z,Not Applicable,_Z,Not Applicable,2019,1.047408848,WEF_TTDI,Travel & Tourism Development Index (TTDI),0,Units,NUMBER,Number (real number),602,CCYY,,A,Normal value,PU,Public
datastructure,WB.DATA360:DS_DATA360(1.2),I,A,Annual,SVN,Slovenia,WEF_TTDI_HOMICIDERT,"Homicide cases per 100,000 pop",_T,Total,_T,All age ranges or no breakdown by age,_T,Total,NUMBER,Number,WEF_TTDI_VAL,Type: Value,_Z,Not Applicable,_Z,Not Applicable,2024,0.424646582,WEF_TTDI,Travel & Tourism Development Index (TTDI),0,Units,NUMBER,Number (real number),602,CCYY,,A,Normal value,PU,Public
datastructure,WB.DATA360:DS_DATA360(1.2),I,A,Annual,SVN,Slovenia,WEF_TTDI_HOMICIDERT,"Homicide cases per 100,000 pop",_T,Total,_T,All age ranges or no breakdown by age,_T,Total,NUMBER,Number,WEF_TTDI_VAL,Type: Value,_Z,Not Applicable,_Z,Not Applicable,2021,0.481269937,WEF_TTDI,Travel & Tourism Development Index (TTDI),0,Units,NUMBER,Number (real number),602,CCYY,,A,Normal value,PU,Public
datastructure,WB.DATA360:DS_DATA360(1.2),I,A,Annual,SVN,Slovenia,WEF_TTDI_HOMICIDERT,"Homicide cases per 100,000 pop",_T,Total,_T,All age ranges or no breakdown by age,_T,Total,NUMBER,Number,WEF_TTDI_VAL,Type: Value,_Z,Not Applicable,_Z,Not Applicable,2019,0.482112424,WEF_TTDI,Travel & Tourism Development Index (TTDI),0,Units,NUMBER,Number (real number),602,CCYY,,A,Normal value,PU,Public
datastructure,WB.DATA360:DS_DATA360(1.2),I,A,Annual,ZAF,South Africa,WEF_TTDI_HOMICIDERT,"Homicide cases per 100,000 pop",_T,Total,_T,All age ranges or no breakdown by age,_T,Total,NUMBER,Number,WEF_TTDI_VAL,Type: Value,_Z,Not Applicable,_Z,Not Applicable,2024,41.86572812,WEF_TTDI,Travel & Tourism Development Index (TTDI),0,Units,NUMBER,Number (real number),602,CCYY,,A,Normal value,PU,Public
datastructure,WB.DATA360:DS_DATA360(1.2),I,A,Annual,ZAF,South Africa,WEF_TTDI_HOMICIDERT,"Homicide cases per 100,000 pop",_T,Total,_T,All age ranges or no breakdown by age,_T,Total,NUMBER,Number,WEF_TTDI_VAL,Type: Value,_Z,Not Applicable,_Z,Not Applicable,2021,36.39917415,WEF_TTDI,Travel & Tourism Development Index (TTDI),0,Units,NUMBER,Number (real number),602,CCYY,,A,Normal value,PU,Public
datastructure,WB.DATA360:DS_DATA360(1.2),I,A,Annual,ZAF,South Africa,WEF_TTDI_HOMICIDERT,"Homicide cases per 100,000 pop",_T,Total,_T,All age ranges or no breakdown by age,_T,Total,NUMBER,Number,WEF_TTDI_VAL,Type: Value,_Z,Not Applicable,_Z,Not Applicable,2019,33.83169433,WEF_TTDI,Travel & Tourism Development Index (TTDI),0,Units,NUMBER,Number (real number),602,CCYY,,A,Normal value,PU,Public
datastructure,WB.DATA360:DS_DATA360(1.2),I,A,Annual,ESP,Spain,WEF_TTDI_HOMICIDERT,"Homicide cases per 100,000 pop",_T,Total,_T,All age ranges or no breakdown by age,_T,Total,NUMBER,Number,WEF_TTDI_VAL,Type: Value,_Z,Not Applicable,_Z,Not Applicable,2024,0.6106942889,WEF_TTDI,Travel & Tourism Development Index (TTDI),0,Units,NUMBER,Number (real number),602,CCYY,,A,Normal value,PU,Public
datastructure,WB.DATA360:DS_DATA360(1.2),I,A,Annual,ESP,Spain,WEF_TTDI_HOMICIDERT,"Homicide cases per 100,000 pop",_T,Total,_T,All age ranges or no breakdown by age,_T,Total,NUMBER,Number,WEF_TTDI_VAL,Type: Value,_Z,Not Applicable,_Z,Not Applicable,2021,0.621079928,WEF_TTDI,Travel & Tourism Development Index (TTDI),0,Units,NUMBER,Number (real number),602,CCYY,,A,Normal value,PU,Public
datastructure,WB.DATA360:DS_DATA360(1.2),I,A,Annual,ESP,Spain,WEF_TTDI_HOMICIDERT,"Homicide cases per 100,000 pop",_T,Total,_T,All age ranges or no breakdown by age,_T,Total,NUMBER,Number,WEF_TTDI_VAL,Type: Value,_Z,Not Applicable,_Z,Not Applicable,2019,0.630439538,WEF_TTDI,Travel & Tourism Development Index (TTDI),0,Units,NUMBER,Number (real number),602,CCYY,,A,Normal value,PU,Public
datastructure,WB.DATA360:DS_DATA360(1.2),I,A,Annual,LKA,Sri Lanka,WEF_TTDI_HOMICIDERT,"Homicide cases per 100,000 pop",_T,Total,_T,All age ranges or no breakdown by age,_T,Total,NUMBER,Number,WEF_TTDI_VAL,Type: Value,_Z,Not Applicable,_Z,Not Applicable,2024,3.427304923,WEF_TTDI,Travel & Tourism Development Index (TTDI),0,Units,NUMBER,Number (real number),602,CCYY,,A,Normal value,PU,Public
datastructure,WB.DATA360:DS_DATA360(1.2),I,A,Annual,LKA,Sri Lanka,WEF_TTDI_HOMICIDERT,"Homicide cases per 100,000 pop",_T,Total,_T,All age ranges or no breakdown by age,_T,Total,NUMBER,Number,WEF_TTDI_VAL,Type: Value,_Z,Not Applicable,_Z,Not Applicable,2021,2.421243634,WEF_TTDI,Travel & Tourism Development Index (TTDI),0,Units,NUMBER,Number (real number),602,CCYY,,A,Normal value,PU,Public
datastructure,WB.DATA360:DS_DATA360(1.2),I,A,Annual,LKA,Sri Lanka,WEF_TTDI_HOMICIDERT,"Homicide cases per 100,000 pop",_T,Total,_T,All age ranges or no breakdown by age,_T,Total,NUMBER,Number,WEF_TTDI_VAL,Type: Value,_Z,Not Applicable,_Z,Not Applicable,2019,2.521267006,WEF_TTDI,Travel & Tourism Development Index (TTDI),0,Units,NUMBER,Number (real number),602,CCYY,,A,Normal value,PU,Public
datastructure,WB.DATA360:DS_DATA360(1.2),I,A,Annual,SWE,Sweden,WEF_TTDI_HOMICIDERT,"Homicide cases per 100,000 pop",_T,Total,_T,All age ranges or no breakdown by age,_T,Total,NUMBER,Number,WEF_TTDI_VAL,Type: Value,_Z,Not Applicable,_Z,Not Applicable,2024,1.079573448,WEF_TTDI,Travel & Tourism Development Index (TTDI),0,Units,NUMBER,Number (real number),602,CCYY,,A,Normal value,PU,Public
datastructure,WB.DATA360:DS_DATA360(1.2),I,A,Annual,SWE,Sweden,WEF_TTDI_HOMICIDERT,"Homicide cases per 100,000 pop",_T,Total,_T,All age ranges or no breakdown by age,_T,Total,NUMBER,Number,WEF_TTDI_VAL,Type: Value,_Z,Not Applicable,_Z,Not Applicable,2021,1.083072677,WEF_TTDI,Travel & Tourism Development Index (TTDI),0,Units,NUMBER,Number (real number),602,CCYY,,A,Normal value,PU,Public
datastructure,WB.DATA360:DS_DATA360(1.2),I,A,Annual,SWE,Sweden,WEF_TTDI_HOMICIDERT,"Homicide cases per 100,000 pop",_T,Total,_T,All age ranges or no breakdown by age,_T,Total,NUMBER,Number,WEF_TTDI_VAL,Type: Value,_Z,Not Applicable,_Z,Not Applicable,2019,1.077673523,WEF_TTDI,Travel & Tourism Development Index (TTDI),0,Units,NUMBER,Number (real number),602,CCYY,,A,Normal value,PU,Public
datastructure,WB.DATA360:DS_DATA360(1.2),I,A,Annual,CHE,Switzerland,WEF_TTDI_HOMICIDERT,"Homicide cases per 100,000 pop",_T,Total,_T,All age ranges or no breakdown by age,_T,Total,NUMBER,Number,WEF_TTDI_VAL,Type: Value,_Z,Not Applicable,_Z,Not Applicable,2024,0.4832359412,WEF_TTDI,Travel & Tourism Development Index (TTDI),0,Units,NUMBER,Number (real number),602,CCYY,,A,Normal value,PU,Public
datastructure,WB.DATA360:DS_DATA360(1.2),I,A,Annual,CHE,Switzerland,WEF_TTDI_HOMICIDERT,"Homicide cases per 100,000 pop",_T,Total,_T,All age ranges or no breakdown by age,_T,Total,NUMBER,Number,WEF_TTDI_VAL,Type: Value,_Z,Not Applicable,_Z,Not Applicable,2021,0.586468024,WEF_TTDI,Travel & Tourism Development Index (TTDI),0,Units,NUMBER,Number (real number),602,CCYY,,A,Normal value,PU,Public
datastructure,WB.DATA360:DS_DATA360(1.2),I,A,Annual,CHE,Switzerland,WEF_TTDI_HOMICIDERT,"Homicide cases per 100,000 pop",_T,Total,_T,All age ranges or no breakdown by age,_T,Total,NUMBER,Number,WEF_TTDI_VAL,Type: Value,_Z,Not Applicable,_Z,Not Applicable,2019,0.536998287,WEF_TTDI,Travel & Tourism Development Index (TTDI),0,Units,NUMBER,Number (real number),602,CCYY,,A,Normal value,PU,Public
datastructure,WB.DATA360:DS_DATA360(1.2),I,A,Annual,TJK,Tajikistan,WEF_TTDI_HOMICIDERT,"Homicide cases per 100,000 pop",_T,Total,_T,All age ranges or no breakdown by age,_T,Total,NUMBER,Number,WEF_TTDI_VAL,Type: Value,_Z,Not Applicable,_Z,Not Applicable,2024,0.9116432243,WEF_TTDI,Travel & Tourism Development Index (TTDI),0,Units,NUMBER,Number (real number),602,CCYY,,A,Normal value,PU,Public
datastructure,WB.DATA360:DS_DATA360(1.2),I,A,Annual,TJK,Tajikistan,WEF_TTDI_HOMICIDERT,"Homicide cases per 100,000 pop",_T,Total,_T,All age ranges or no breakdown by age,_T,Total,NUMBER,Number,WEF_TTDI_VAL,Type: Value,_Z,Not Applicable,_Z,Not Applicable,2021,1.636893607,WEF_TTDI,Travel & Tourism Development Index (TTDI),0,Units,NUMBER,Number (real number),602,CCYY,,A,Normal value,PU,Public
datastructure,WB.DATA360:DS_DATA360(1.2),I,A,Annual,TJK,Tajikistan,WEF_TTDI_HOMICIDERT,"Homicide cases per 100,000 pop",_T,Total,_T,All age ranges or no breakdown by age,_T,Total,NUMBER,Number,WEF_TTDI_VAL,Type: Value,_Z,Not Applicable,_Z,Not Applicable,2019,1.636893607,WEF_TTDI,Travel & Tourism Development Index (TTDI),0,Units,NUMBER,Number (real number),602,CCYY,,A,Normal value,PU,Public
datastructure,WB.DATA360:DS_DATA360(1.2),I,A,Annual,TZA,Tanzania,WEF_TTDI_HOMICIDERT,"Homicide cases per 100,000 pop",_T,Total,_T,All age ranges or no breakdown by age,_T,Total,NUMBER,Number,WEF_TTDI_VAL,Type: Value,_Z,Not Applicable,_Z,Not Applicable,2024,3.70475303,WEF_TTDI,Travel & Tourism Development Index (TTDI),0,Units,NUMBER,Number (real number),602,CCYY,,A,Normal value,PU,Public
datastructure,WB.DATA360:DS_DATA360(1.2),I,A,Annual,TZA,Tanzania,WEF_TTDI_HOMICIDERT,"Homicide cases per 100,000 pop",_T,Total,_T,All age ranges or no breakdown by age,_T,Total,NUMBER,Number,WEF_TTDI_VAL,Type: Value,_Z,Not Applicable,_Z,Not Applicable,2021,6.48265759,WEF_TTDI,Travel & Tourism Development Index (TTDI),0,Units,NUMBER,Number (real number),602,CCYY,,A,Normal value,PU,Public
datastructure,WB.DATA360:DS_DATA360(1.2),I,A,Annual,TZA,Tanzania,WEF_TTDI_HOMICIDERT,"Homicide cases per 100,000 pop",_T,Total,_T,All age ranges or no breakdown by age,_T,Total,NUMBER,Number,WEF_TTDI_VAL,Type: Value,_Z,Not Applicable,_Z,Not Applicable,2019,6.48265759,WEF_TTDI,Travel & Tourism Development Index (TTDI),0,Units,NUMBER,Number (real number),602,CCYY,,A,Normal value,PU,Public
datastructure,WB.DATA360:DS_DATA360(1.2),I,A,Annual,THA,Thailand,WEF_TTDI_HOMICIDERT,"Homicide cases per 100,000 pop",_T,Total,_T,All age ranges or no breakdown by age,_T,Total,NUMBER,Number,WEF_TTDI_VAL,Type: Value,_Z,Not Applicable,_Z,Not Applicable,2024,4.26,WEF_TTDI,Travel & Tourism Development Index (TTDI),0,Units,NUMBER,Number (real number),602,CCYY,,A,Normal value,PU,Public
datastructure,WB.DATA360:DS_DATA360(1.2),I,A,Annual,THA,Thailand,WEF_TTDI_HOMICIDERT,"Homicide cases per 100,000 pop",_T,Total,_T,All age ranges or no breakdown by age,_T,Total,NUMBER,Number,WEF_TTDI_VAL,Type: Value,_Z,Not Applicable,_Z,Not Applicable,2021,2.582003648,WEF_TTDI,Travel & Tourism Development Index (TTDI),0,Units,NUMBER,Number (real number),602,CCYY,,A,Normal value,PU,Public
datastructure,WB.DATA360:DS_DATA360(1.2),I,A,Annual,THA,Thailand,WEF_TTDI_HOMICIDERT,"Homicide cases per 100,000 pop",_T,Total,_T,All age ranges or no breakdown by age,_T,Total,NUMBER,Number,WEF_TTDI_VAL,Type: Value,_Z,Not Applicable,_Z,Not Applicable,2019,3.231778406,WEF_TTDI,Travel & Tourism Development Index (TTDI),0,Units,NUMBER,Number (real number),602,CCYY,,A,Normal value,PU,Public
datastructure,WB.DATA360:DS_DATA360(1.2),I,A,Annual,TTO,Trinidad and Tobago,WEF_TTDI_HOMICIDERT,"Homicide cases per 100,000 pop",_T,Total,_T,All age ranges or no breakdown by age,_T,Total,NUMBER,Number,WEF_TTDI_VAL,Type: Value,_Z,Not Applicable,_Z,Not Applicable,2024,29.36428294,WEF_TTDI,Travel & Tourism Development Index (TTDI),0,Units,NUMBER,Number (real number),602,CCYY,,A,Normal value,PU,Public
datastructure,WB.DATA360:DS_DATA360(1.2),I,A,Annual,TTO,Trinidad and Tobago,WEF_TTDI_HOMICIDERT,"Homicide cases per 100,000 pop",_T,Total,_T,All age ranges or no breakdown by age,_T,Total,NUMBER,Number,WEF_TTDI_VAL,Type: Value,_Z,Not Applicable,_Z,Not Applicable,2021,30.64950684,WEF_TTDI,Travel & Tourism Development Index (TTDI),0,Units,NUMBER,Number (real number),602,CCYY,,A,Normal value,PU,Public
datastructure,WB.DATA360:DS_DATA360(1.2),I,A,Annual,TTO,Trinidad and Tobago,WEF_TTDI_HOMICIDERT,"Homicide cases per 100,000 pop",_T,Total,_T,All age ranges or no breakdown by age,_T,Total,NUMBER,Number,WEF_TTDI_VAL,Type: Value,_Z,Not Applicable,_Z,Not Applicable,2019,30.64950684,WEF_TTDI,Travel & Tourism Development Index (TTDI),0,Units,NUMBER,Number (real number),602,CCYY,,A,Normal value,PU,Public
datastructure,WB.DATA360:DS_DATA360(1.2),I,A,Annual,TUN,Tunisia,WEF_TTDI_HOMICIDERT,"Homicide cases per 100,000 pop",_T,Total,_T,All age ranges or no breakdown by age,_T,Total,NUMBER,Number,WEF_TTDI_VAL,Type: Value,_Z,Not Applicable,_Z,Not Applicable,2024,4.62105575,WEF_TTDI,Travel & Tourism Development Index (TTDI),0,Units,NUMBER,Number (real number),602,CCYY,,A,Normal value,PU,Public
datastructure,WB.DATA360:DS_DATA360(1.2),I,A,Annual,TUN,Tunisia,WEF_TTDI_HOMICIDERT,"Homicide cases per 100,000 pop",_T,Total,_T,All age ranges or no breakdown by age,_T,Total,NUMBER,Number,WEF_TTDI_VAL,Type: Value,_Z,Not Applicable,_Z,Not Applicable,2021,3.060756101,WEF_TTDI,Travel & Tourism Development Index (TTDI),0,Units,NUMBER,Number (real number),602,CCYY,,A,Normal value,PU,Public
datastructure,WB.DATA360:DS_DATA360(1.2),I,A,Annual,TUN,Tunisia,WEF_TTDI_HOMICIDERT,"Homicide cases per 100,000 pop",_T,Total,_T,All age ranges or no breakdown by age,_T,Total,NUMBER,Number,WEF_TTDI_VAL,Type: Value,_Z,Not Applicable,_Z,Not Applicable,2019,3.060756101,WEF_TTDI,Travel & Tourism Development Index (TTDI),0,Units,NUMBER,Number (real number),602,CCYY,,A,Normal value,PU,Public
datastructure,WB.DATA360:DS_DATA360(1.2),I,A,Annual,TUR,Turkiye,WEF_TTDI_HOMICIDERT,"Homicide cases per 100,000 pop",_T,Total,_T,All age ranges or no breakdown by age,_T,Total,NUMBER,Number,WEF_TTDI_VAL,Type: Value,_Z,Not Applicable,_Z,Not Applicable,2024,2.519598742,WEF_TTDI,Travel & Tourism Development Index (TTDI),0,Units,NUMBER,Number (real number),602,CCYY,,A,Normal value,PU,Public
datastructure,WB.DATA360:DS_DATA360(1.2),I,A,Annual,TUR,Turkiye,WEF_TTDI_HOMICIDERT,"Homicide cases per 100,000 pop",_T,Total,_T,All age ranges or no breakdown by age,_T,Total,NUMBER,Number,WEF_TTDI_VAL,Type: Value,_Z,Not Applicable,_Z,Not Applicable,2021,2.590475672,WEF_TTDI,Travel & Tourism Development Index (TTDI),0,Units,NUMBER,Number (real number),602,CCYY,,A,Normal value,PU,Public
datastructure,WB.DATA360:DS_DATA360(1.2),I,A,Annual,TUR,Turkiye,WEF_TTDI_HOMICIDERT,"Homicide cases per 100,000 pop",_T,Total,_T,All age ranges or no breakdown by age,_T,Total,NUMBER,Number,WEF_TTDI_VAL,Type: Value,_Z,Not Applicable,_Z,Not Applicable,2019,3.33843314,WEF_TTDI,Travel & Tourism Development Index (TTDI),0,Units,NUMBER,Number (real number),602,CCYY,,A,Normal value,PU,Public
datastructure,WB.DATA360:DS_DATA360(1.2),I,A,Annual,ARE,United Arab Emirates,WEF_TTDI_HOMICIDERT,"Homicide cases per 100,000 pop",_T,Total,_T,All age ranges or no breakdown by age,_T,Total,NUMBER,Number,WEF_TTDI_VAL,Type: Value,_Z,Not Applicable,_Z,Not Applicable,2024,0.4698272408,WEF_TTDI,Travel & Tourism Development Index (TTDI),0,Units,NUMBER,Number (real number),602,CCYY,,A,Normal value,PU,Public
datastructure,WB.DATA360:DS_DATA360(1.2),I,A,Annual,ARE,United Arab Emirates,WEF_TTDI_HOMICIDERT,"Homicide cases per 100,000 pop",_T,Total,_T,All age ranges or no breakdown by age,_T,Total,NUMBER,Number,WEF_TTDI_VAL,Type: Value,_Z,Not Applicable,_Z,Not Applicable,2021,0.463782488,WEF_TTDI,Travel & Tourism Development Index (TTDI),0,Units,NUMBER,Number (real number),602,CCYY,,A,Normal value,PU,Public
datastructure,WB.DATA360:DS_DATA360(1.2),I,A,Annual,ARE,United Arab Emirates,WEF_TTDI_HOMICIDERT,"Homicide cases per 100,000 pop",_T,Total,_T,All age ranges or no breakdown by age,_T,Total,NUMBER,Number,WEF_TTDI_VAL,Type: Value,_Z,Not Applicable,_Z,Not Applicable,2019,0.705054762,WEF_TTDI,Travel & Tourism Development Index (TTDI),0,Units,NUMBER,Number (real number),602,CCYY,,A,Normal value,PU,Public
datastructure,WB.DATA360:DS_DATA360(1.2),I,A,Annual,GBR,United Kingdom,WEF_TTDI_HOMICIDERT,"Homicide cases per 100,000 pop",_T,Total,_T,All age ranges or no breakdown by age,_T,Total,NUMBER,Number,WEF_TTDI_VAL,Type: Value,_Z,Not Applicable,_Z,Not Applicable,2024,1.003586756,WEF_TTDI,Travel & Tourism Development Index (TTDI),0,Units,NUMBER,Number (real number),602,CCYY,,A,Normal value,PU,Public
datastructure,WB.DATA360:DS_DATA360(1.2),I,A,Annual,GBR,United Kingdom,WEF_TTDI_HOMICIDERT,"Homicide cases per 100,000 pop",_T,Total,_T,All age ranges or no breakdown by age,_T,Total,NUMBER,Number,WEF_TTDI_VAL,Type: Value,_Z,Not Applicable,_Z,Not Applicable,2021,1.204914777,WEF_TTDI,Travel & Tourism Development Index (TTDI),0,Units,NUMBER,Number (real number),602,CCYY,,A,Normal value,PU,Public
datastructure,WB.DATA360:DS_DATA360(1.2),I,A,Annual,GBR,United Kingdom,WEF_TTDI_HOMICIDERT,"Homicide cases per 100,000 pop",_T,Total,_T,All age ranges or no breakdown by age,_T,Total,NUMBER,Number,WEF_TTDI_VAL,Type: Value,_Z,Not Applicable,_Z,Not Applicable,2019,1.193098839,WEF_TTDI,Travel & Tourism Development Index (TTDI),0,Units,NUMBER,Number (real number),602,CCYY,,A,Normal value,PU,Public
datastructure,WB.DATA360:DS_DATA360(1.2),I,A,Annual,USA,United States,WEF_TTDI_HOMICIDERT,"Homicide cases per 100,000 pop",_T,Total,_T,All age ranges or no breakdown by age,_T,Total,NUMBER,Number,WEF_TTDI_VAL,Type: Value,_Z,Not Applicable,_Z,Not Applicable,2024,6.807466393,WEF_TTDI,Travel & Tourism Development Index (TTDI),0,Units,NUMBER,Number (real number),602,CCYY,,A,Normal value,PU,Public
datastructure,WB.DATA360:DS_DATA360(1.2),I,A,Annual,USA,United States,WEF_TTDI_HOMICIDERT,"Homicide cases per 100,000 pop",_T,Total,_T,All age ranges or no breakdown by age,_T,Total,NUMBER,Number,WEF_TTDI_VAL,Type: Value,_Z,Not Applicable,_Z,Not Applicable,2021,4.956950548,WEF_TTDI,Travel & Tourism Development Index (TTDI),0,Units,NUMBER,Number (real number),602,CCYY,,A,Normal value,PU,Public
datastructure,WB.DATA360:DS_DATA360(1.2),I,A,Annual,USA,United States,WEF_TTDI_HOMICIDERT,"Homicide cases per 100,000 pop",_T,Total,_T,All age ranges or no breakdown by age,_T,Total,NUMBER,Number,WEF_TTDI_VAL,Type: Value,_Z,Not Applicable,_Z,Not Applicable,2019,5.390754771,WEF_TTDI,Travel & Tourism Development Index (TTDI),0,Units,NUMBER,Number (real number),602,CCYY,,A,Normal value,PU,Public
datastructure,WB.DATA360:DS_DATA360(1.2),I,A,Annual,URY,Uruguay,WEF_TTDI_HOMICIDERT,"Homicide cases per 100,000 pop",_T,Total,_T,All age ranges or no breakdown by age,_T,Total,NUMBER,Number,WEF_TTDI_VAL,Type: Value,_Z,Not Applicable,_Z,Not Applicable,2024,8.901835953,WEF_TTDI,Travel & Tourism Development Index (TTDI),0,Units,NUMBER,Number (real number),602,CCYY,,A,Normal value,PU,Public
datastructure,WB.DATA360:DS_DATA360(1.2),I,A,Annual,URY,Uruguay,WEF_TTDI_HOMICIDERT,"Homicide cases per 100,000 pop",_T,Total,_T,All age ranges or no breakdown by age,_T,Total,NUMBER,Number,WEF_TTDI_VAL,Type: Value,_Z,Not Applicable,_Z,Not Applicable,2021,12.06045302,WEF_TTDI,Travel & Tourism Development Index (TTDI),0,Units,NUMBER,Number (real number),602,CCYY,,A,Normal value,PU,Public
datastructure,WB.DATA360:DS_DATA360(1.2),I,A,Annual,URY,Uruguay,WEF_TTDI_HOMICIDERT,"Homicide cases per 100,000 pop",_T,Total,_T,All age ranges or no breakdown by age,_T,Total,NUMBER,Number,WEF_TTDI_VAL,Type: Value,_Z,Not Applicable,_Z,Not Applicable,2019,7.826785069,WEF_TTDI,Travel & Tourism Development Index (TTDI),0,Units,NUMBER,Number (real number),602,CCYY,,A,Normal value,PU,Public
datastructure,WB.DATA360:DS_DATA360(1.2),I,A,Annual,UZB,Uzbekistan,WEF_TTDI_HOMICIDERT,"Homicide cases per 100,000 pop",_T,Total,_T,All age ranges or no breakdown by age,_T,Total,NUMBER,Number,WEF_TTDI_VAL,Type: Value,_Z,Not Applicable,_Z,Not Applicable,2024,1.405456675,WEF_TTDI,Travel & Tourism Development Index (TTDI),0,Units,NUMBER,Number (real number),602,CCYY,,A,Normal value,PU,Public
datastructure,WB.DATA360:DS_DATA360(1.2),I,A,Annual,UZB,Uzbekistan,WEF_TTDI_HOMICIDERT,"Homicide cases per 100,000 pop",_T,Total,_T,All age ranges or no breakdown by age,_T,Total,NUMBER,Number,WEF_TTDI_VAL,Type: Value,_Z,Not Applicable,_Z,Not Applicable,2021,1.135802775,WEF_TTDI,Travel & Tourism Development Index (TTDI),0,Units,NUMBER,Number (real number),602,CCYY,,A,Normal value,PU,Public
datastructure,WB.DATA360:DS_DATA360(1.2),I,A,Annual,UZB,Uzbekistan,WEF_TTDI_HOMICIDERT,"Homicide cases per 100,000 pop",_T,Total,_T,All age ranges or no breakdown by age,_T,Total,NUMBER,Number,WEF_TTDI_VAL,Type: Value,_Z,Not Applicable,_Z,Not Applicable,2019,1.412135004,WEF_TTDI,Travel & Tourism Development Index (TTDI),0,Units,NUMBER,Number (real number),602,CCYY,,A,Normal value,PU,Public
datastructure,WB.DATA360:DS_DATA360(1.2),I,A,Annual,VEN,"Venezuela, RB",WEF_TTDI_HOMICIDERT,"Homicide cases per 100,000 pop",_T,Total,_T,All age ranges or no breakdown by age,_T,Total,NUMBER,Number,WEF_TTDI_VAL,Type: Value,_Z,Not Applicable,_Z,Not Applicable,2024,19.30505593,WEF_TTDI,Travel & Tourism Development Index (TTDI),0,Units,NUMBER,Number (real number),602,CCYY,,A,Normal value,PU,Public
datastructure,WB.DATA360:DS_DATA360(1.2),I,A,Annual,VEN,"Venezuela, RB",WEF_TTDI_HOMICIDERT,"Homicide cases per 100,000 pop",_T,Total,_T,All age ranges or no breakdown by age,_T,Total,NUMBER,Number,WEF_TTDI_VAL,Type: Value,_Z,Not Applicable,_Z,Not Applicable,2021,36.68763484,WEF_TTDI,Travel & Tourism Development Index (TTDI),0,Units,NUMBER,Number (real number),602,CCYY,,A,Normal value,PU,Public
datastructure,WB.DATA360:DS_DATA360(1.2),I,A,Annual,VEN,"Venezuela, RB",WEF_TTDI_HOMICIDERT,"Homicide cases per 100,000 pop",_T,Total,_T,All age ranges or no breakdown by age,_T,Total,NUMBER,Number,WEF_TTDI_VAL,Type: Value,_Z,Not Applicable,_Z,Not Applicable,2019,59.555297,WEF_TTDI,Travel & Tourism Development Index (TTDI),0,Units,NUMBER,Number (real number),602,CCYY,,A,Normal value,PU,Public
datastructure,WB.DATA360:DS_DATA360(1.2),I,A,Annual,VNM,Viet Nam,WEF_TTDI_HOMICIDERT,"Homicide cases per 100,000 pop",_T,Total,_T,All age ranges or no breakdown by age,_T,Total,NUMBER,Number,WEF_TTDI_VAL,Type: Value,_Z,Not Applicable,_Z,Not Applicable,2024,1.85,WEF_TTDI,Travel & Tourism Development Index (TTDI),0,Units,NUMBER,Number (real number),602,CCYY,,A,Normal value,PU,Public
datastructure,WB.DATA360:DS_DATA360(1.2),I,A,Annual,VNM,Viet Nam,WEF_TTDI_HOMICIDERT,"Homicide cases per 100,000 pop",_T,Total,_T,All age ranges or no breakdown by age,_T,Total,NUMBER,Number,WEF_TTDI_VAL,Type: Value,_Z,Not Applicable,_Z,Not Applicable,2021,1.528050919,WEF_TTDI,Travel & Tourism Development Index (TTDI),0,Units,NUMBER,Number (real number),602,CCYY,,A,Normal value,PU,Public
datastructure,WB.DATA360:DS_DATA360(1.2),I,A,Annual,VNM,Viet Nam,WEF_TTDI_HOMICIDERT,"Homicide cases per 100,000 pop",_T,Total,_T,All age ranges or no breakdown by age,_T,Total,NUMBER,Number,WEF_TTDI_VAL,Type: Value,_Z,Not Applicable,_Z,Not Applicable,2019,1.528050919,WEF_TTDI,Travel & Tourism Development Index (TTDI),0,Units,NUMBER,Number (real number),602,CCYY,,A,Normal value,PU,Public
datastructure,WB.DATA360:DS_DATA360(1.2),I,A,Annual,ZMB,Zambia,WEF_TTDI_HOMICIDERT,"Homicide cases per 100,000 pop",_T,Total,_T,All age ranges or no breakdown by age,_T,Total,NUMBER,Number,WEF_TTDI_VAL,Type: Value,_Z,Not Applicable,_Z,Not Applicable,2024,5.249802594,WEF_TTDI,Travel & Tourism Development Index (TTDI),0,Units,NUMBER,Number (real number),602,CCYY,,A,Normal value,PU,Public
datastructure,WB.DATA360:DS_DATA360(1.2),I,A,Annual,ZMB,Zambia,WEF_TTDI_HOMICIDERT,"Homicide cases per 100,000 pop",_T,Total,_T,All age ranges or no breakdown by age,_T,Total,NUMBER,Number,WEF_TTDI_VAL,Type: Value,_Z,Not Applicable,_Z,Not Applicable,2021,5.371749635,WEF_TTDI,Travel & Tourism Development Index (TTDI),0,Units,NUMBER,Number (real number),602,CCYY,,A,Normal value,PU,Public
datastructure,WB.DATA360:DS_DATA360(1.2),I,A,Annual,ZMB,Zambia,WEF_TTDI_HOMICIDERT,"Homicide cases per 100,000 pop",_T,Total,_T,All age ranges or no breakdown by age,_T,Total,NUMBER,Number,WEF_TTDI_VAL,Type: Value,_Z,Not Applicable,_Z,Not Applicable,2019,5.371749635,WEF_TTDI,Travel & Tourism Development Index (TTDI),0,Units,NUMBER,Number (real number),602,CCYY,,A,Normal value,PU,Public
datastructure,WB.DATA360:DS_DATA360(1.2),I,A,Annual,ZWE,Zimbabwe,WEF_TTDI_HOMICIDERT,"Homicide cases per 100,000 pop",_T,Total,_T,All age ranges or no breakdown by age,_T,Total,NUMBER,Number,WEF_TTDI_VAL,Type: Value,_Z,Not Applicable,_Z,Not Applicable,2024,6.139985159,WEF_TTDI,Travel & Tourism Development Index (TTDI),0,Units,NUMBER,Number (real number),602,CCYY,,A,Normal value,PU,Public
datastructure,WB.DATA360:DS_DATA360(1.2),I,A,Annual,ZWE,Zimbabwe,WEF_TTDI_HOMICIDERT,"Homicide cases per 100,000 pop",_T,Total,_T,All age ranges or no breakdown by age,_T,Total,NUMBER,Number,WEF_TTDI_VAL,Type: Value,_Z,Not Applicable,_Z,Not Applicable,2021,7.479899771,WEF_TTDI,Travel & Tourism Development Index (TTDI),0,Units,NUMBER,Number (real number),602,CCYY,,A,Normal value,PU,Public
datastructure,WB.DATA360:DS_DATA360(1.2),I,A,Annual,ZWE,Zimbabwe,WEF_TTDI_HOMICIDERT,"Homicide cases per 100,000 pop",_T,Total,_T,All age ranges or no breakdown by age,_T,Total,NUMBER,Number,WEF_TTDI_VAL,Type: Value,_Z,Not Applicable,_Z,Not Applicable,2019,7.479899771,WEF_TTDI,Travel & Tourism Development Index (TTDI),0,Units,NUMBER,Number (real number),602,CCYY,,A,Normal value,PU,Public
datastructure,WB.DATA360:DS_DATA360(1.2),I,A,Annual,LIC,Low income,WEF_TTDI_HOMICIDERT,"Homicide cases per 100,000 pop",_T,Total,_T,All age ranges or no breakdown by age,_T,Total,NUMBER,Number,WEF_TTDI_VAL,Type: Value,_Z,Not Applicable,_Z,Not Applicable,2024,4.641958359,WEF_TTDI,Travel & Tourism Development Index (TTDI),0,Units,NUMBER,Number (real number),602,CCYY,,A,Normal value,PU,Public
datastructure,WB.DATA360:DS_DATA360(1.2),I,A,Annual,LIC,Low income,WEF_TTDI_HOMICIDERT,"Homicide cases per 100,000 pop",_T,Total,_T,All age ranges or no breakdown by age,_T,Total,NUMBER,Number,WEF_TTDI_VAL,Type: Value,_Z,Not Applicable,_Z,Not Applicable,2021,4.194573568,WEF_TTDI,Travel & Tourism Development Index (TTDI),0,Units,NUMBER,Number (real number),602,CCYY,,A,Normal value,PU,Public
datastructure,WB.DATA360:DS_DATA360(1.2),I,A,Annual,LIC,Low income,WEF_TTDI_HOMICIDERT,"Homicide cases per 100,000 pop",_T,Total,_T,All age ranges or no breakdown by age,_T,Total,NUMBER,Number,WEF_TTDI_VAL,Type: Value,_Z,Not Applicable,_Z,Not Applicable,2019,4.284573568,WEF_TTDI,Travel & Tourism Development Index (TTDI),0,Units,NUMBER,Number (real number),602,CCYY,,A,Normal value,PU,Public
datastructure,WB.DATA360:DS_DATA360(1.2),I,A,Annual,UMC,Upper middle income,WEF_TTDI_HOMICIDERT,"Homicide cases per 100,000 pop",_T,Total,_T,All age ranges or no breakdown by age,_T,Total,NUMBER,Number,WEF_TTDI_VAL,Type: Value,_Z,Not Applicable,_Z,Not Applicable,2024,9.711471289,WEF_TTDI,Travel & Tourism Development Index (TTDI),0,Units,NUMBER,Number (real number),602,CCYY,,A,Normal value,PU,Public
datastructure,WB.DATA360:DS_DATA360(1.2),I,A,Annual,UMC,Upper middle income,WEF_TTDI_HOMICIDERT,"Homicide cases per 100,000 pop",_T,Total,_T,All age ranges or no breakdown by age,_T,Total,NUMBER,Number,WEF_TTDI_VAL,Type: Value,_Z,Not Applicable,_Z,Not Applicable,2021,10.45793542,WEF_TTDI,Travel & Tourism Development Index (TTDI),0,Units,NUMBER,Number (real number),602,CCYY,,A,Normal value,PU,Public
datastructure,WB.DATA360:DS_DATA360(1.2),I,A,Annual,UMC,Upper middle income,WEF_TTDI_HOMICIDERT,"Homicide cases per 100,000 pop",_T,Total,_T,All age ranges or no breakdown by age,_T,Total,NUMBER,Number,WEF_TTDI_VAL,Type: Value,_Z,Not Applicable,_Z,Not Applicable,2019,11.73235396,WEF_TTDI,Travel & Tourism Development Index (TTDI),0,Units,NUMBER,Number (real number),602,CCYY,,A,Normal value,PU,Public
datastructure,WB.DATA360:DS_DATA360(1.2),I,A,Annual,LMC,Lower middle income,WEF_TTDI_HOMICIDERT,"Homicide cases per 100,000 pop",_T,Total,_T,All age ranges or no breakdown by age,_T,Total,NUMBER,Number,WEF_TTDI_VAL,Type: Value,_Z,Not Applicable,_Z,Not Applicable,2024,6.05106966,WEF_TTDI,Travel & Tourism Development Index (TTDI),0,Units,NUMBER,Number (real number),602,CCYY,,A,Normal value,PU,Public
datastructure,WB.DATA360:DS_DATA360(1.2),I,A,Annual,LMC,Lower middle income,WEF_TTDI_HOMICIDERT,"Homicide cases per 100,000 pop",_T,Total,_T,All age ranges or no breakdown by age,_T,Total,NUMBER,Number,WEF_TTDI_VAL,Type: Value,_Z,Not Applicable,_Z,Not Applicable,2021,6.556637331,WEF_TTDI,Travel & Tourism Development Index (TTDI),0,Units,NUMBER,Number (real number),602,CCYY,,A,Normal value,PU,Public
datastructure,WB.DATA360:DS_DATA360(1.2),I,A,Annual,LMC,Lower middle income,WEF_TTDI_HOMICIDERT,"Homicide cases per 100,000 pop",_T,Total,_T,All age ranges or no breakdown by age,_T,Total,NUMBER,Number,WEF_TTDI_VAL,Type: Value,_Z,Not Applicable,_Z,Not Applicable,2019,7.940308796,WEF_TTDI,Travel & Tourism Development Index (TTDI),0,Units,NUMBER,Number (real number),602,CCYY,,A,Normal value,PU,Public
datastructure,WB.DATA360:DS_DATA360(1.2),I,A,Annual,HIC,High income,WEF_TTDI_HOMICIDERT,"Homicide cases per 100,000 pop",_T,Total,_T,All age ranges or no breakdown by age,_T,Total,NUMBER,Number,WEF_TTDI_VAL,Type: Value,_Z,Not Applicable,_Z,Not Applicable,2024,2.123964746,WEF_TTDI,Travel & Tourism Development Index (TTDI),0,Units,NUMBER,Number (real number),602,CCYY,,A,Normal value,PU,Public
datastructure,WB.DATA360:DS_DATA360(1.2),I,A,Annual,HIC,High income,WEF_TTDI_HOMICIDERT,"Homicide cases per 100,000 pop",_T,Total,_T,All age ranges or no breakdown by age,_T,Total,NUMBER,Number,WEF_TTDI_VAL,Type: Value,_Z,Not Applicable,_Z,Not Applicable,2021,2.354585693,WEF_TTDI,Travel & Tourism Development Index (TTDI),0,Units,NUMBER,Number (real number),602,CCYY,,A,Normal value,PU,Public
datastructure,WB.DATA360:DS_DATA360(1.2),I,A,Annual,HIC,High income,WEF_TTDI_HOMICIDERT,"Homicide cases per 100,000 pop",_T,Total,_T,All age ranges or no breakdown by age,_T,Total,NUMBER,Number,WEF_TTDI_VAL,Type: Value,_Z,Not Applicable,_Z,Not Applicable,2019,2.192548543,WEF_TTDI,Travel & Tourism Development Index (TTDI),0,Units,NUMBER,Number (real number),602,CCYY,,A,Normal value,PU,Public